,Denominacion_Generica_ES,Denominacion,Regimen,Codigo_postal,Localidad,long,lat
437,"CENTRO PRIVADO DE EDUCACIÓN INFANTIL, PRIMARIA Y SECUNDARIA",CENTRE PRIVAT NUESTRA SEÑORA DEL ROSARIO,Priv. Conc.,46026,VALÈNCIA,-0.364987,39.428261
439,CENTRO PRIVADO DE EDUCACIÓN INFANTIL Y PRIMARIA,CENTRE PRIVAT MARTÍ SOROLLA,Priv. Conc.,46026,VALÈNCIA,-0.375166,39.451699
440,"CENTRO PRIVADO DE EDUCACIÓN INFANTIL, PRIMARIA Y SECUNDARIA",CENTRE PRIVAT ESCUELAS PÍAS,Priv. Conc.,46001,VALÈNCIA,-0.382322,39.474018
441,"CENTRO PRIVADO DE EDUCACIÓN INFANTIL, PRIMARIA Y SECUNDARIA",CENTRE PRIVAT SAGRADO CORAZÓN DE JESÚS -CARMELITAS-,Priv. Conc.,46003,VALÈNCIA,-0.374898,39.478871
442,"CENTRO PRIVADO DE EDUCACIÓN INFANTIL, PRIMARIA Y SECUNDARIA",CENTRE PRIVAT GRAN ASOCIACIÓN,Priv. Conc.,46003,VALÈNCIA,-0.37798,39.479735
443,CENTRO PRIVADO DE EDUCACIÓN PRIMARIA Y SECUNDARIA,CENTRE PRIVAT ESCOLANÍA NTRA.SRA.DESAMPARADOS,Priv. Conc.,46003,VALÈNCIA,-0.371341,39.47544
444,CENTRO PRIVADO DE EDUCACIÓN PRIMARIA Y SECUNDARIA,CENTRE PRIVAT CENTRO DE ESTUDIOS GARCÍA BROCH,Priv. Conc.,46005,VALÈNCIA,-0.367229,39.463353
445,CENTRO PRIVADO DE EDUCACIÓN INFANTIL,CENTRE PRIV. ED. INFANTIL LOS ÁNGELES,Priv. Conc.,46005,VALÈNCIA,-0.36772,39.46658
446,"CENTRO PRIVADO DE EDUCACIÓN INFANTIL, PRIMARIA Y SECUNDARIA",CENTRE PRIVAT SAN JOSÉ HH. FRANCISCANAS DE LA INMACULADA,Priv. Conc.,46005,VALÈNCIA,-0.368761,39.462986
447,"CENTRO PRIVADO DE EDUCACIÓN INFANTIL, PRIMARIA Y SECUNDARIA",CENTRE PRIVAT SAN VICENTE FERRER-DOMINICOS,Priv. Conc.,46004,VALÈNCIA,-0.369413,39.467464
448,"CENTRO PRIVADO DE EDUCACIÓN INFANTIL, PRIMARIA Y SECUNDARIA",CENTRE PRIVAT NUESTRA SEÑORA DE LORETO,Priv. Conc.,46005,VALÈNCIA,-0.362345,39.463648
449,"CENTRO PRIVADO DE EDUCACIÓN INFANTIL, PRIMARIA Y SECUNDARIA",CENTRE PRIVAT SAGRADO CORAZÓN HH. MARISTAS,Priv. Conc.,46005,VALÈNCIA,-0.363383,39.464985
450,"CENTRO PRIVADO DE EDUCACIÓN INFANTIL, PRIMARIA Y SECUNDARIA",CENTRE PRIVAT LICEO CORBI,Priv. Conc.,46006,VALÈNCIA,-0.362999,39.460169
451,CENTRO PRIVADO DE EDUCACIÓN INFANTIL Y PRIMARIA,CENTRE PRIVAT SAN LUIS GONZAGA,Priv. Conc.,46006,VALÈNCIA,-0.368654,39.457825
452,CENTRO PRIVADO FORMACIÓN PROFESIONAL ESPECÍFICA,CENTRE PRIVAT FP OLLER 1,Priv. Conc.,46006,VALÈNCIA,-0.372461,39.462803
453,"CENTRO PRIVADO DE EDUCACIÓN INFANTIL, PRIMARIA Y SECUNDARIA",CENTRE PRIVAT ACADEMIA JARDÍN,Priv. Conc.,46026,VALÈNCIA,-0.378273,39.451214
454,"CENTRO PRIVADO DE EDUCACIÓN INFANTIL, PRIMARIA Y SECUNDARIA",CENTRE PRIVAT LUIS DE SANTÁNGEL,Priv. Conc.,46017,VALÈNCIA,-0.387137,39.452211
455,CENTRO PRIVADO DE EDUCACIÓN INFANTIL,CENTRE PRIV. ED. INFANTIL CONCHA ESPINA I,Priv. Conc.,46017,VALÈNCIA,-0.388287,39.4537
456,CENTRO PRIVADO DE EDUCACIÓN PRIMARIA Y SECUNDARIA,CENTRE PRIVAT SANTO TOMÁS DE VILLANUEVA,Priv. Conc.,46007,VALÈNCIA,-0.38259,39.464886
457,"CENTRO PRIVADO DE EDUCACIÓN INFANTIL, PRIMARIA Y SECUNDARIA",CENTRE PRIVAT NUESTRA SEÑORA DEL SOCORRO,Priv. Conc.,46007,VALÈNCIA,-0.385627,39.46533
458,"CENTRO PRIVADO DE EDUCACIÓN INFANTIL, PRIMARIA Y SECUNDARIA",CENTRE PRIVAT ESCLAVAS DE MARÍA,Priv. Conc.,46018,VALÈNCIA,-0.39296,39.465462
459,"CENTRO PRIVADO DE EDUCACIÓN INFANTIL, PRIMARIA Y SECUNDARIA",CENTRE PRIVAT JESÚS MARÍA,Priv. Conc.,46008,VALÈNCIA,-0.387036,39.472724
460,"CENTRO PRIVADO DE EDUCACIÓN INFANTIL, PRIMARIA Y SECUNDARIA",CENTRE PRIVAT ESCOLÀPIES VALÈNCIA,Priv. Conc.,46008,VALÈNCIA,-0.385999,39.470935
461,"CENTRO PRIVADO DE EDUCACIÓN INFANTIL, PRIMARIA Y SECUNDARIA",CENTRE PRIVAT INMACULADO CORAZÓN DE MARÍA,Priv. Conc.,46008,VALÈNCIA,-0.393716,39.473753
462,"CENTRO PRIVADO DE EDUCACIÓN INFANTIL, PRIMARIA Y SECUNDARIA",CENTRE PRIVAT SAN PEDRO PASCUAL,Priv. Conc.,46008,VALÈNCIA,-0.392745,39.47348
463,"CENTRO PRIVADO DE EDUCACIÓN INFANTIL, PRIMARIA Y SECUNDARIA",CENTRE PRIVAT LA PURÍSIMA-FRANCISCANAS,Priv. Conc.,46018,VALÈNCIA,-0.405191,39.464216
464,"CENTRO PRIVADO DE EDUCACIÓN INFANTIL, PRIMARIA Y SECUNDARIA",CENTRE PRIVAT NUESTRA SEÑORA DE FÁTIMA,Priv. Conc.,46018,VALÈNCIA,-0.404541,39.468411
465,CENTRO PRIVADO DE EDUCACIÓN INFANTIL Y PRIMARIA,CENTRE PRIVAT MERCERATOR,Priv. Conc.,46019,VALÈNCIA,-0.370799,39.493792
466,"CENTRO PRIVADO DE EDUCACIÓN INFANTIL, PRIMARIA Y SECUNDARIA",CENTRE PRIVAT LUZ CASANOVA,Priv. Conc.,46009,VALÈNCIA,-0.373433,39.488344
467,"CENTRO PRIVADO DE EDUCACIÓN INFANTIL, PRIMARIA Y SECUNDARIA",CENTRE PRIVAT MANTELLATE,Priv. Conc.,46009,VALÈNCIA,-0.386206,39.486298
468,"CENTRO PRIVADO DE EDUCACIÓN INFANTIL, PRIMARIA Y SECUNDARIA",CENTRE PRIVAT NUESTRA SEÑORA DEL CARMEN-S.VICENTE PAÚL,Priv. Conc.,46025,VALÈNCIA,-0.39157,39.490699
469,"CENTRO PRIVADO DE EDUCACIÓN INFANTIL, PRIMARIA Y SECUNDARIA",CENTRE PRIVAT MERCURIO,Priv. Conc.,46009,VALÈNCIA,-0.375043,39.485595
470,"CENTRO PRIVADO DE EDUCACIÓN INFANTIL, PRIMARIA Y SECUNDARIA",CENTRE PRIVAT MARÍA INMACULADA,Priv. Conc.,46009,VALÈNCIA,-0.387472,39.483549
471,"CENTRO PRIVADO DE EDUCACIÓN INFANTIL, PRIMARIA Y SECUNDARIA",CENTRE PRIVAT HERMES SOCIEDAD COOPERATIVA VALENCIANA,Priv. Conc.,46018,VALÈNCIA,-0.391017,39.462341
472,"CENTRO PRIVADO DE EDUCACIÓN INFANTIL, PRIMARIA Y SECUNDARIA",CENTRE PRIVAT MARÍA AUXILIADORA,Priv. Conc.,46019,VALÈNCIA,-0.37346,39.492972
473,"CENTRO PRIVADO DE EDUCACIÓN INFANTIL, PRIMARIA Y SECUNDARIA",CENTRE PRIVAT SANTÍSIMA TRINIDAD,Priv. Conc.,46009,VALÈNCIA,-0.377355,39.483839
474,"CENTRO PRIVADO DE EDUCACIÓN INFANTIL, PRIMARIA Y SECUNDARIA",CENTRE PRIVAT SANTIAGO APÓSTOL,Priv. Conc.,46009,VALÈNCIA,-0.381281,39.485528
475,"CENTRO PRIVADO DE EDUCACIÓN INFANTIL, PRIMARIA Y SECUNDARIA",CENTRE PRIVAT SAN JUAN BOSCO,Priv. Conc.,46009,VALÈNCIA,-0.385723,39.482837
476,CENTRO DE EDUCACIÓN ESPECIAL,CEE PÚB. RUIZ JIMÉNEZ,Púb.,46011,VALÈNCIA,-0.326315,39.467307
477,"CENTRO PRIVADO DE EDUCACIÓN INFANTIL, PRIMARIA Y SECUNDARIA",CENTRE PRIVAT SALESIANOS SAN ANTONIO ABAD,Priv. Conc.,46009,VALÈNCIA,-0.373889,39.491548
478,"CENTRO PRIVADO DE EDUCACIÓN INFANTIL, PRIMARIA Y SECUNDARIA",CENTRE PRIVAT SAGRADA FAMILIA,Priv. Conc.,46020,VALÈNCIA,-0.357088,39.490215
479,"CENTRO PRIVADO DE EDUCACIÓN INFANTIL, PRIMARIA Y SECUNDARIA",CENTRE PRIVAT CLARET,Priv. Conc.,46020,VALÈNCIA,-0.361851,39.484071
480,"CENTRO PRIVADO DE EDUCACIÓN INFANTIL, PRIMARIA Y SECUNDARIA",CENTRE PRIVAT SAN JOSÉ DE CALASANZ,Priv. Conc.,46010,VALÈNCIA,-0.364705,39.476146
481,"CENTRO PRIVADO DE EDUCACIÓN INFANTIL, PRIMARIA Y SECUNDARIA",CENTRE PRIVAT SAGRADO CORAZÓN DE JESÚS -ESCLAVAS-,Priv. Conc.,46010,VALÈNCIA,-0.366418,39.4768
482,"CENTRO PRIVADO DE EDUCACIÓN INFANTIL, PRIMARIA Y SECUNDARIA",CENTRE PRIVAT GUADALAVIAR,Priv. Conc.,46021,VALÈNCIA,-0.355189,39.475657
483,CENTRO DOCENTE PRIVADO EXTRANJERO,CENTRE ESTRANGER COLEGIO ALEMÁN DE VALENCIA,Priv.,46010,VALÈNCIA,-0.363586,39.482065
484,"CENTRO PRIVADO DE EDUCACIÓN INFANTIL, PRIMARIA Y SECUNDARIA",CENTRE PRIVAT PÍO XII,Priv. Conc.,46010,VALÈNCIA,-0.371475,39.480767
485,"CENTRO PRIVADO DE EDUCACIÓN INFANTIL, PRIMARIA Y SECUNDARIA",CENTRE PRIVAT NUESTRA SEÑORA DEL PILAR,Priv. Conc.,46021,VALÈNCIA,-0.355071,39.476519
486,COLEGIO DE EDUCACIÓN INFANTIL Y PRIMARIA,CEIP BENIMACLET,Púb.,46020,VALÈNCIA,-0.355967,39.486754
487,"CENTRO PRIVADO DE EDUCACIÓN INFANTIL, PRIMARIA Y SECUNDARIA",CENTRE PRIVAT ENGEBA,Priv. Conc.,46021,VALÈNCIA,-0.352458,39.467251
488,"CENTRO PRIVADO DE EDUCACIÓN INFANTIL, PRIMARIA Y SECUNDARIA",CENTRE PRIVAT LA PURÍSIMA,Priv. Conc.,46011,VALÈNCIA,-0.334097,39.461823
489,"CENTRO PRIVADO DE EDUCACIÓN INFANTIL, PRIMARIA Y SECUNDARIA",CENTRE PRIVAT ESCUELAS PÍAS-MALVARROSA,Priv. Conc.,46011,VALÈNCIA,-0.329457,39.481785
490,"CENTRO PRIVADO DE EDUCACIÓN INFANTIL, PRIMARIA Y SECUNDARIA",CENTRE PRIVAT PUREZA DE MARÍA,Priv. Conc.,46011,VALÈNCIA,-0.332433,39.46581
491,"CENTRO PRIVADO DE EDUCACIÓN INFANTIL, PRIMARIA Y SECUNDARIA",CENTRE PRIVAT CHINER VILLARROYA,Priv. Conc.,46011,VALÈNCIA,-0.333299,39.473047
492,"CENTRO PRIVADO DE EDUCACIÓN INFANTIL, PRIMARIA Y SECUNDARIA",CENTRE PRIVAT TRAFALGAR,Priv. Conc.,46023,VALÈNCIA,-0.342852,39.461478
493,"CENTRO PRIVADO DE EDUCACIÓN INFANTIL, PRIMARIA Y SECUNDARIA",CENTRE PRIVAT SANTA ANA,Priv. Conc.,46021,VALÈNCIA,-0.354694,39.467077
494,"CENTRO PRIVADO DE EDUCACIÓN INFANTIL, PRIMARIA Y SECUNDARIA",CENTRE PRIVAT LA ANUNCIACIÓN,Priv. Conc.,46022,VALÈNCIA,-0.345138,39.464099
495,COLEGIO DE EDUCACIÓN INFANTIL Y PRIMARIA,CEIP MALVA-ROSA,Púb.,46011,VALÈNCIA,-0.328785,39.481301
496,COLEGIO DE EDUCACIÓN INFANTIL Y PRIMARIA,CEIP PROFESOR SANTIAGO GRISOLIA,Púb.,46022,VALÈNCIA,-0.341687,39.469715
497,COLEGIO DE EDUCACIÓN INFANTIL Y PRIMARIA,CEIP EL GRAU,Púb.,46023,VALÈNCIA,-0.341424,39.459034
498,"CENTRO PRIVADO DE EDUCACIÓN INFANTIL, PRIMARIA Y SECUNDARIA",CENTRE PRIVAT AVE MARÍA DE PEÑARROCHA,Priv. Conc.,46023,VALÈNCIA,-0.353536,39.4606
499,"CENTRO PRIVADO DE EDUCACIÓN INFANTIL, PRIMARIA Y SECUNDARIA",CENTRE PRIVAT SANTIAGO APÓSTOL,Priv. Conc.,46011,VALÈNCIA,-0.329815,39.474134
500,"CENTRO PRIVADO DE EDUCACIÓN INFANTIL, PRIMARIA Y SECUNDARIA",CENTRE PRIVAT NUESTRA SEÑORA DE LOS DESAMPARADOS,Priv. Conc.,46024,VALÈNCIA,-0.333152,39.449359
501,"CENTRO PRIVADO DE EDUCACIÓN INFANTIL, PRIMARIA Y SECUNDARIA",CENTRE PRIVAT SANTA MAGDALENA SOFÍA,Priv. Conc.,46024,VALÈNCIA,-0.33967,39.446745
502,"CENTRO PRIVADO DE EDUCACIÓN INFANTIL, PRIMARIA Y SECUNDARIA",CENTRE PRIVAT SOM ESCOLA,Priv. Conc.,46014,VALÈNCIA,-0.406119,39.471398
504,CENTRO PRIVADO DE EDUCACIÓN INFANTIL Y PRIMARIA,CENTRE PRIVAT SALGUI,Priv. Conc.,46017,VALÈNCIA,-0.391264,39.444878
505,COLEGIO DE EDUCACIÓN INFANTIL Y PRIMARIA,CEIP IVAF-LUIS FORTICH,Púb.,46017,VALÈNCIA,-0.396278,39.453518
506,"CENTRO PRIVADO DE EDUCACIÓN INFANTIL, PRIMARIA Y SECUNDARIA",CENTRE PRIVAT SANTA MARÍA,Priv. Conc.,46014,VALÈNCIA,-0.406513,39.46634
507,"CENTRO PRIVADO DE EDUCACIÓN INFANTIL, PRIMARIA Y SECUNDARIA",CENTRE PRIVAT PUREZA DE MARÍA,Priv. Conc.,46014,VALÈNCIA,-0.409606,39.470075
508,"CENTRO PRIVADO DE EDUCACIÓN INFANTIL, PRIMARIA Y SECUNDARIA",CENTRE PRIVAT CLARET FUENSANTA,Priv. Conc.,46014,VALÈNCIA,-0.40886,39.465346
509,"CENTRO PRIVADO DE EDUCACIÓN INFANTIL, PRIMARIA Y SECUNDARIA",CENTRE PRIVAT SAN MARCELINO,Priv. Conc.,46017,VALÈNCIA,-0.391552,39.443398
510,"CENTRO PRIVADO DE EDUCACIÓN INFANTIL, PRIMARIA Y SECUNDARIA",CENTRE PRIVAT JESÚS MARÍA-FUENSANTA,Priv. Conc.,46014,VALÈNCIA,-0.409772,39.464679
511,CENTRO PRIVADO DE EDUCACIÓN PRIMARIA Y SECUNDARIA,CENTRE PRIVAT NIÑO JESÚS,Priv. Conc.,46015,VALÈNCIA,-0.402487,39.489826
512,CENTRO PRIVADO DE EDUCACIÓN INFANTIL Y PRIMARIA,CENTRE PRIVAT MARJO,Priv. Conc.,46025,VALÈNCIA,-0.393555,39.493088
513,"CENTRO PRIVADO DE EDUCACIÓN INFANTIL, PRIMARIA Y SECUNDARIA",CENTRE PRIVAT SAGRADA FAMILIA,Priv. Conc.,46015,VALÈNCIA,-0.402423,39.488186
514,"CENTRO PRIVADO DE EDUCACIÓN INFANTIL, PRIMARIA Y SECUNDARIA",CENTRE PRIVAT MARNI,Priv. Conc.,46019,VALÈNCIA,-0.368493,39.496176
515,"CENTRO PRIVADO DE EDUCACIÓN INFANTIL, PRIMARIA Y SECUNDARIA",CENTRE PRIVAT SAN ROQUE,Priv. Conc.,46025,VALÈNCIA,-0.390664,39.490943
516,CENTRO PRIVADO DE EDUCACIÓN PRIMARIA Y SECUNDARIA,CENTRE PRIVAT ESCUELAS SAN JOSÉ (I. POLIT.),Priv. Conc.,46015,VALÈNCIA,-0.397782,39.48687
517,COLEGIO DE EDUCACIÓN INFANTIL Y PRIMARIA,CEIP SANTA TERESA,Púb.,46003,VALÈNCIA,-0.381419,39.478807
518,COLEGIO DE EDUCACIÓN INFANTIL Y PRIMARIA,CEIP SAN JUAN DE RIBERA,Púb.,46004,VALÈNCIA,-0.374104,39.466307
519,COLEGIO DE EDUCACIÓN INFANTIL Y PRIMARIA,CEIP JAIME BALMES,Púb.,46006,VALÈNCIA,-0.369877,39.46113
520,COLEGIO DE EDUCACIÓN INFANTIL Y PRIMARIA,CEIP MONTOLIVET,Púb.,46006,VALÈNCIA,-0.360328,39.460194
521,COLEGIO DE EDUCACIÓN INFANTIL Y PRIMARIA,CEIP JESÚS,Púb.,46007,VALÈNCIA,-0.389832,39.457933
522,COLEGIO DE EDUCACIÓN INFANTIL Y PRIMARIA,CEIP SANTO ÁNGEL DE LA GUARDA,Púb.,46017,VALÈNCIA,-0.394151,39.450769
523,COLEGIO DE EDUCACIÓN INFANTIL Y PRIMARIA,CEIP LUIS VIVES,Púb.,46007,VALÈNCIA,-0.384809,39.468277
524,COLEGIO DE EDUCACIÓN INFANTIL Y PRIMARIA,CEIP SECTOR AÉREO,Púb.,46018,VALÈNCIA,-0.399907,39.467281
525,COLEGIO DE EDUCACIÓN INFANTIL Y PRIMARIA,CEIP CERVANTES,Púb.,46008,VALÈNCIA,-0.384087,39.477103
526,COLEGIO DE EDUCACIÓN INFANTIL Y PRIMARIA,CEIP GASPAR GIL POLO,Púb.,46018,VALÈNCIA,-0.402618,39.467265
527,COLEGIO DE EDUCACIÓN INFANTIL Y PRIMARIA,CEIP TEODORO LLORENTE,Púb.,46008,VALÈNCIA,-0.388947,39.470218
528,COLEGIO DE EDUCACIÓN INFANTIL Y PRIMARIA,CEIP DOCTOR OLÓRIZ,Púb.,46009,VALÈNCIA,-0.380455,39.48446
529,COLEGIO DE EDUCACIÓN INFANTIL Y PRIMARIA,CEIP TORREFIEL,Púb.,46019,VALÈNCIA,-0.37811,39.495377
530,COLEGIO DE EDUCACIÓN INFANTIL Y PRIMARIA,CEIP MIGUEL HERNÁNDEZ,Púb.,46019,VALÈNCIA,-0.366917,39.494723
531,COLEGIO DE EDUCACIÓN INFANTIL Y PRIMARIA,CEIP SAN FERNANDO,Púb.,46010,VALÈNCIA,-0.368289,39.485619
532,COLEGIO DE EDUCACIÓN PRIMARIA,CEP PRIMER MARQUÉS DEL TURIA,Púb.,46010,VALÈNCIA,-0.362124,39.472585
533,COLEGIO DE EDUCACIÓN INFANTIL Y PRIMARIA,CEIP AUSIÀS MARCH,Púb.,46024,VALÈNCIA,-0.332489,39.450164
534,COLEGIO DE EDUCACIÓN INFANTIL Y PRIMARIA,CEIP BALLESTER FANDOS,Púb.,46011,VALÈNCIA,-0.328155,39.479361
535,COLEGIO DE EDUCACIÓN INFANTIL Y PRIMARIA,CEIP NUESTRA SEÑORA DEL CARMEN,Púb.,46022,VALÈNCIA,-0.335849,39.474127
536,COLEGIO DE EDUCACIÓN INFANTIL Y PRIMARIA,CEIP LES ARENES,Púb.,46011,VALÈNCIA,-0.327326,39.467019
537,COLEGIO DE EDUCACIÓN INFANTIL Y PRIMARIA,CEIP JAUME I,Púb.,46022,VALÈNCIA,-0.341799,39.465793
538,COLEGIO DE EDUCACIÓN INFANTIL Y PRIMARIA,CEIP SAN JOSÉ DE CALASANZ,Púb.,46024,VALÈNCIA,-0.33552,39.45869
539,COLEGIO DE EDUCACIÓN INFANTIL Y PRIMARIA,CEIP SAN PEDRO,Púb.,46022,VALÈNCIA,-0.337378,39.468754
540,COLEGIO DE EDUCACIÓN INFANTIL Y PRIMARIA,CEIP CAVITE-ISLA DE HIERRO,Púb.,46011,VALÈNCIA,-0.327229,39.475318
542,COLEGIO DE EDUCACIÓN INFANTIL Y PRIMARIA,CEIP LES ARTS,Púb.,46013,VALÈNCIA,-0.36172,39.450887
543,COLEGIO DE EDUCACIÓN INFANTIL Y PRIMARIA,CEIP PADRE MANJÓN,Púb.,46017,VALÈNCIA,-0.393519,39.434127
544,COLEGIO DE EDUCACIÓN INFANTIL Y PRIMARIA,CEIP RODRÍGUEZ FORNOS,Púb.,46014,VALÈNCIA,-0.397015,39.460596
545,COLEGIO DE EDUCACIÓN INFANTIL Y PRIMARIA,CEIP SALVADOR TUSET,Púb.,46025,VALÈNCIA,-0.391152,39.491341
546,COLEGIO DE EDUCACIÓN INFANTIL Y PRIMARIA,CEIP CIUTAT ARTISTA FALLER,Púb.,46025,VALÈNCIA,-0.393271,39.499682
547,INSTITUTO DE EDUCACIÓN SECUNDARIA,IES LUIS VIVES,Púb.,46002,VALÈNCIA,-0.377175,39.468231
548,CENTRO PRIVADO FORMACIÓN PROFESIONAL ESPECÍFICA,CENTRE PRIVAT FP PAX,Priv. Conc.,46008,VALÈNCIA,-0.384704,39.471997
549,CENTRO PRIVADO FORMACIÓN PROFESIONAL ESPECÍFICA,CENTRE PRIVAT FP ESCUELA PROFESIONAL XAVIER,Priv. Conc.,46003,VALÈNCIA,-0.373052,39.478131
550,INSTITUTO DE EDUCACIÓN SECUNDARIA,IES SAN VICENTE FERRER,Púb.,46005,VALÈNCIA,-0.367725,39.464758
551,"CENTRO PRIVADO DE EDUCACIÓN INFANTIL, PRIMARIA Y SECUNDARIA",CENTRE PRIVAT ESCUELAS PROFESIONALES DE ARTESANOS,Priv. Conc.,46005,VALÈNCIA,-0.369346,39.463743
552,INSTITUTO DE EDUCACIÓN SECUNDARIA,IES JORDI DE SANT JORDI,Púb.,46013,VALÈNCIA,-0.36374,39.452971
553,INSTITUTO DE EDUCACIÓN SECUNDARIA,IES JUAN DE GARAY,Púb.,46017,VALÈNCIA,-0.395679,39.454851
554,INSTITUTO DE EDUCACIÓN SECUNDARIA,IES CID CAMPEADOR,Púb.,46018,VALÈNCIA,-0.399488,39.465272
555,INSTITUTO DE EDUCACIÓN SECUNDARIA,IES JOANOT MARTORELL,Púb.,46017,VALÈNCIA,-0.390365,39.440536
556,CENTRO PRIVADO DE EDUCACIÓN INFANTIL,CENTRE PRIV. ED. INFANTIL CIUDAD JARDÍN,Priv.,46022,VALÈNCIA,-0.344921,39.469603
557,INSTITUTO DE EDUCACIÓN SECUNDARIA,IES EL CABANYAL,Púb.,46022,VALÈNCIA,-0.340952,39.474912
558,INSTITUTO DE EDUCACIÓN SECUNDARIA,IES BENLLIURE,Púb.,46010,VALÈNCIA,-0.369941,39.483104
559,"CENTRO PRIVADO DE EDUCACIÓN INFANTIL, PRIMARIA Y SECUNDARIA",CENTRE PRIVAT HOGAR NUESTRA SEÑORA DEL ROSARIO,Priv. Conc.,46011,VALÈNCIA,-0.332508,39.465172
560,INSTITUTO DE EDUCACIÓN SECUNDARIA,IES ISABEL DE VILLENA,Púb.,46011,VALÈNCIA,-0.325695,39.478593
561,INSTITUTO DE EDUCACIÓN SECUNDARIA,IES SOROLLA,Púb.,46022,VALÈNCIA,-0.33887,39.467694
562,CENTRO INTEGRADO PÚBLICO DE FORMACIÓN PROFESIONAL,CIPFP VICENTE BLASCO IBÁÑEZ,Púb.,46005,VALÈNCIA,-0.3681,39.463646
563,"CENTRO PRIVADO DE EDUCACIÓN INFANTIL, PRIMARIA Y SECUNDARIA",CENTRE PRIVAT SALESIANOS-SAN JUAN BOSCO,Priv. Conc.,46013,VALÈNCIA,-0.370188,39.453559
564,CONSERVATORIO SUPERIOR DE MÚSICA,CONSERVATORI SUPERIOR DE MÚSICA JOAQUÍN RODRIGO,Púb.,46013,VALÈNCIA,-0.358213,39.452765
565,ESCUELA OFICIAL DE IDIOMAS,ESCOLA OFICIAL IDIOMES VALÈNCIA-SAÏDIA,Púb.,46009,VALÈNCIA,-0.381464,39.482895
566,ESCUELA DE ARTE Y SUPERIOR DE DISEÑO,ESCOLA D'ART I SUPERIOR DE DISSENY DE VALENCIA,Púb.,46001,VALÈNCIA,-0.382789,39.474705
567,COLEGIO DE EDUCACIÓN INFANTIL Y PRIMARIA,CEIP RAQUEL PAYA,Púb.,46018,VALÈNCIA,-0.402598,39.466489
568,COLEGIO DE EDUCACIÓN INFANTIL Y PRIMARIA,CEIP MAGISTERIO ESPAÑOL,Púb.,46013,VALÈNCIA,-0.361709,39.455108
569,COLEGIO DE EDUCACIÓN INFANTIL Y PRIMARIA,CEIP FAUSTO MARTÍNEZ,Púb.,46017,VALÈNCIA,-0.389011,39.445197
570,COLEGIO DE EDUCACIÓN INFANTIL Y PRIMARIA,CEIP JOSÉ SOTO MICÓ,Púb.,46017,VALÈNCIA,-0.39048,39.450568
571,COLEGIO DE EDUCACIÓN INFANTIL Y PRIMARIA,CEIP SARA FERNÁNDEZ,Púb.,46017,VALÈNCIA,-0.39171,39.446078
572,COLEGIO DE EDUCACIÓN INFANTIL Y PRIMARIA,CEIP 8 DE MARÇ,Púb.,46018,VALÈNCIA,-0.395878,39.464885
573,COLEGIO DE EDUCACIÓN INFANTIL Y PRIMARIA,CEIP VICENTE BLASCO IBÁÑEZ,Púb.,46011,VALÈNCIA,-0.325567,39.479707
574,COLEGIO DE EDUCACIÓN INFANTIL Y PRIMARIA,CEIP DOCTOR BARCIA GOYANES,Púb.,46018,VALÈNCIA,-0.396007,39.470308
575,COLEGIO DE EDUCACIÓN INFANTIL Y PRIMARIA,CEIP VIVERS,Púb.,46010,VALÈNCIA,-0.367763,39.483574
576,COLEGIO DE EDUCACIÓN INFANTIL Y PRIMARIA,CEIP LA FONTETA,Púb.,46013,VALÈNCIA,-0.365144,39.444499
577,CENTRO PRIVADO DE EDUCACIÓN INFANTIL DE PRIMER CICLO,CENTRE PRIV. ED. INF. 1er CICLE BAMBY-ABADE,Priv.,46010,VALÈNCIA,-0.361025,39.472469
578,CENTRO PRIVADO DE EDUCACIÓN INFANTIL DE PRIMER CICLO,CENTRE PRIV. ED. INF. 1er CICLE SANTA KLAUS,Priv.,46010,VALÈNCIA,-0.364301,39.480722
579,CENTRO PRIVADO DE EDUCACIÓN SECUNDARIA,CENTRE PRIVAT AULA 3,Priv.,46010,VALÈNCIA,-0.361229,39.476179
580,CENTRO PRIVADO FORMACIÓN PROFESIONAL ESPECÍFICA,CENTRE PRIVAT FP CIUTAT VELLA,Priv. Conc.,46003,VALÈNCIA,-0.383041,39.476817
597,"CENTRO PRIVADO DE EDUCACIÓN INFANTIL, PRIMARIA Y SECUNDARIA",CENTRE PRIVAT ARGOS,Priv. Conc.,46015,VALÈNCIA,-0.399113,39.497525
598,INSTITUTO DE EDUCACIÓN SECUNDARIA,IES FONT DE SANT LLUÍS,Púb.,46013,VALÈNCIA,-0.364069,39.454122
599,CENTRO PRIVADO FORMACIÓN PROFESIONAL ESPECÍFICA,CENTRE PRIVAT FP INS. INTER IV,Priv.,46007,VALÈNCIA,-0.38155,39.461818
604,COLEGIO DE EDUCACIÓN INFANTIL Y PRIMARIA,CEIP NICOLAU PRIMITIU GÓMEZ SERRANO,Púb.,46014,VALÈNCIA,-0.403366,39.45442
605,COLEGIO DE EDUCACIÓN INFANTIL Y PRIMARIA,CEIP 9 D'OCTUBRE,Púb.,46018,VALÈNCIA,-0.398183,39.473931
621,ESCUELA INFANTIL,EI APÓSTOL SANTIAGO,Púb.,46021,VALÈNCIA,-0.358257,39.469363
622,COLEGIO DE EDUCACIÓN INFANTIL Y PRIMARIA,CEIP CAMPANAR,Púb.,46015,VALÈNCIA,-0.395875,39.482592
624,ESCUELA INFANTIL,EI NIÑO JESÚS,Púb.,46015,VALÈNCIA,-0.401655,39.489859
626,INSTITUTO DE EDUCACIÓN SECUNDARIA,IES EL GRAO,Púb.,46011,VALÈNCIA,-0.332175,39.462016
629,CENTRO PRIVADO DE EDUCACIÓN INFANTIL DE PRIMER CICLO,CENTRE PRIV. ED. INF. 1er CICLE EL TREN,Priv.,46009,VALÈNCIA,-0.375128,39.486848
632,CENTRO PRIVADO FORMACIÓN PROFESIONAL ESPECÍFICA,CENTRE PRIVAT FP ALTAVIANA,Priv. Conc.,46010,VALÈNCIA,-0.356183,39.477622
650,INSTITUTO DE EDUCACIÓN SECUNDARIA,IES DISTRICTE MARÍTIM,Púb.,46023,VALÈNCIA,-0.344256,39.459672
651,INSTITUTO DE EDUCACIÓN SECUNDARIA,IES CAMPANAR,Púb.,46015,VALÈNCIA,-0.39858,39.48132
654,COLEGIO DE EDUCACIÓN INFANTIL Y PRIMARIA,CEIP ANGELINA CARNICER,Púb.,46021,VALÈNCIA,-0.351359,39.469438
655,COLEGIO DE EDUCACIÓN INFANTIL Y PRIMARIA,CEIP RAFAEL MATEU CÁMARA,Púb.,46006,VALÈNCIA,-0.379055,39.454727
656,CENTRO PRIVADO DE EDUCACIÓN PRIMARIA Y SECUNDARIA,CENTRE PRIVAT CONCHA ESPINA II,Priv. Conc.,46007,VALÈNCIA,-0.38502,39.453497
657,COLEGIO DE EDUCACIÓN INFANTIL Y PRIMARIA,CEIP TOMÁS DE VILLARROYA,Púb.,46017,VALÈNCIA,-0.393404,39.449328
658,COLEGIO DE EDUCACIÓN INFANTIL Y PRIMARIA,CEIP PARE CATALÀ,Púb.,46020,VALÈNCIA,-0.355382,39.484319
661,CENTRO PRIVADO FORMACIÓN PROFESIONAL ESPECÍFICA,"CENTRE PRIVAT FP DANIEL MATALLÍN, SL",Priv.,46008,VALÈNCIA,-0.38487,39.471421
663,COLEGIO DE EDUCACIÓN INFANTIL Y PRIMARIA,CEIP ANTONIO GARCÍA LÓPEZ,Púb.,46022,VALÈNCIA,-0.345694,39.468286
665,COLEGIO DE EDUCACIÓN INFANTIL Y PRIMARIA,CEIP FERNANDO DE LOS RIOS,Púb.,46006,VALÈNCIA,-0.376185,39.453287
671,CENTRO DE EDUCACIÓN ESPECIAL,CEE PÚB. PROFESOR SEBASTIÁN BURGOS,Púb.,46017,VALÈNCIA,-0.387492,39.439623
676,COLEGIO DE EDUCACIÓN INFANTIL Y PRIMARIA,CEIP RAFAEL ALTAMIRA,Púb.,46014,VALÈNCIA,-0.413479,39.467607
679,COLEGIO DE EDUCACIÓN INFANTIL Y PRIMARIA,CEIP PROFESOR BARTOLOMÉ COSSIO,Púb.,46019,VALÈNCIA,-0.373278,39.492583
686,COLEGIO DE EDUCACIÓN INFANTIL Y PRIMARIA,CEIP JUAN MANUEL MONTOYA,Púb.,46024,VALÈNCIA,-0.33474,39.444678
689,COLEGIO DE EDUCACIÓN INFANTIL Y PRIMARIA,CEIP FRANCISCO GINER DE LOS RÍOS,Púb.,46015,VALÈNCIA,-0.401355,39.47661
693,CENTRO PRIVADO DE EDUCACIÓN ESPECIAL,CEE PRIV. EL MOLÍ,Priv. Conc.,46015,VALÈNCIA,-0.399452,39.485669
694,"CENTRO PRIVADO DE EDUCACIÓN INFANTIL, PRIMARIA Y SECUNDARIA",CENTRE PRIVAT VILAVELLA,Priv. Conc.,46009,VALÈNCIA,-0.392761,39.47916
698,CENTRO PRIVADO DE EDUCACIÓN SECUNDARIA,CENTRE PRIVAT MARTÍ SOROLLA II,Priv. Conc.,46006,VALÈNCIA,-0.377353,39.454087
703,CENTRO AUTOR. DE ENSEÑANZAS ARTÍSTICAS PROFESIONALES DE ARTES PLÁSTICAS Y DISEÑO,CENTRE ENS. ARTIST. PROFESSIONALS  BARREIRA ARTE Y DISEÑO,Priv.,46008,VALÈNCIA,-0.389411,39.47549
707,CENTRO AUTORIZADO DE ENSEÑANZAS ARTÍSTICAS PROFESIONALES DE MÚSICA,CENTRE ENS. PROFESSIONALS DE MÚSICA INSTITUTO MUSICAL GINER,Priv.,46008,VALÈNCIA,-0.383988,39.471377
708,CENTRO AUTORIZADO DE ENSEÑANZAS ARTÍSTICAS PROFESIONALES DE DANZA,CENTRE ENS. PROFESSIONALS DE DANSA MARI CRUZ ALCALÁ,Priv.,46010,VALÈNCIA,-0.358743,39.472208
709,CONSERVATORIO PROFESIONAL DE MÚSICA,CONSERVATORI PROFESSIONAL DE MÚSICA JOSÉ ITURBI,Púb.,46023,VALÈNCIA,-0.352271,39.461826
710,ESCUELA SUPERIOR DE ARTE DRAMÁTICO,ESCOLA SUPERIOR D'ART DRAMÀTIC,Púb.,46022,VALÈNCIA,-0.346831,39.48374
711,CENTRO PRIVADO FORMACIÓN PROFESIONAL ESPECÍFICA,CENTRE PRIVAT FP ENSEÑANZAS PROFESIONALES SOROLLA,Priv. Conc.,46006,VALÈNCIA,-0.376389,39.45693
713,INSTITUTO DE EDUCACIÓN SECUNDARIA,IES EL CLOT,Púb.,46009,VALÈNCIA,-0.379299,39.489337
715,COLEGIO DE EDUCACIÓN INFANTIL Y PRIMARIA,CEIP VICENTE GAOS,Púb.,46021,VALÈNCIA,-0.348837,39.47757
716,COLEGIO DE EDUCACIÓN INFANTIL Y PRIMARIA,CEIP CARLES SALVADOR,Púb.,46020,VALÈNCIA,-0.363386,39.487667
717,COLEGIO DE EDUCACIÓN INFANTIL Y PRIMARIA,CEIP ANTONIO MACHADO,Púb.,46019,VALÈNCIA,-0.374265,39.498006
718,COLEGIO DE EDUCACIÓN INFANTIL Y PRIMARIA,CEIP PROFESOR LUIS BRAILLE,Púb.,46009,VALÈNCIA,-0.380048,39.489908
721,"CENTRO PRIVADO DE EDUCACIÓN INFANTIL, PRIMARIA Y SECUNDARIA",CENTRE PRIVAT COMENIUS CENTRE EDUCATIU,Priv. Conc.,46009,VALÈNCIA,-0.383827,39.488637
722,CENTRO AUTORIZADO DE ENSEÑANZAS ARTÍSTICAS PROFESIONALES DE DANZA,CENTRE ENS. PROFESSIONALS DE DANSA VALENCIÀ,Priv.,46008,VALÈNCIA,-0.387688,39.471728
734,COLEGIO DE EDUCACIÓN INFANTIL Y PRIMARIA,CEIP PABLO NERUDA,Púb.,46026,VALÈNCIA,-0.3752,39.451
735,COLEGIO DE EDUCACIÓN INFANTIL Y PRIMARIA,CEIP PROFESSOR RAMIRO JOVER,Púb.,46017,VALÈNCIA,-0.394033,39.443335
742,COLEGIO DE EDUCACIÓN INFANTIL Y PRIMARIA,CEIP ELISEO VIDAL,Púb.,46014,VALÈNCIA,-0.398189,39.457651
743,COLEGIO DE EDUCACIÓN INFANTIL Y PRIMARIA,CEIP EXPLORADOR ANDRÉS,Púb.,46022,VALÈNCIA,-0.34431,39.470158
748,INSTITUTO DE EDUCACIÓN SECUNDARIA,IES RAMON LLULL,Púb.,46021,VALÈNCIA,-0.346284,39.47637
752,COLEGIO DE EDUCACIÓN INFANTIL Y PRIMARIA,CEIP COMUNITAT VALENCIANA,Púb.,46015,VALÈNCIA,-0.394499,39.484419
763,CENTRO PRIVADO FORMACIÓN PROFESIONAL ESPECÍFICA,CENTRE PRIVAT FP TEVIÁN,Priv.,46004,VALÈNCIA,-0.370317,39.468866
765,CENTRO INTEGRADO PÚBLICO DE FORMACIÓN PROFESIONAL,CIPFP MISERICÒRDIA,Púb.,46014,VALÈNCIA,-0.410099,39.464891
767,INSTITUTO DE EDUCACIÓN SECUNDARIA,IES NÚMERO 26,Púb.,46014,VALÈNCIA,-0.410142,39.464758
771,COLEGIO DE EDUCACIÓN INFANTIL Y PRIMARIA,CEIP PROFESOR SANCHIS GUARNER,Púb.,46019,VALÈNCIA,-0.378213,39.492376
772,COLEGIO DE EDUCACIÓN INFANTIL Y PRIMARIA,CEIP MAX AUB,Púb.,46009,VALÈNCIA,-0.370143,39.48791
773,INSTITUTO DE EDUCACIÓN SECUNDARIA,IES ORRIOLS,Púb.,46019,VALÈNCIA,-0.366964,39.496135
774,COLEGIO DE EDUCACIÓN INFANTIL Y PRIMARIA,CEIP CIUDAD DE BOLONIA,Púb.,46014,VALÈNCIA,-0.402063,39.461627
786,COLEGIO DE EDUCACIÓN INFANTIL Y PRIMARIA,CEIP FEDERICO GARCÍA LORCA,Púb.,46021,VALÈNCIA,-0.351519,39.478672
787,COLEGIO DE EDUCACIÓN INFANTIL Y PRIMARIA,CEIP LLUÍS GUARNER,Púb.,46015,VALÈNCIA,-0.398619,39.494261
791,INSTITUTO DE EDUCACIÓN SECUNDARIA,IES BALEARES,Púb.,46023,VALÈNCIA,-0.341156,39.459115
792,CENTRO AUTORIZADO ELEMENTAL DE MÚSICA,CENTRE ELEMENTAL DE MÚSICA AURORA I,Priv.,46005,VALÈNCIA,-0.368627,39.466067
793,CENTRO AUTORIZADO DE ENSEÑANZAS ARTÍSTICAS PROFESIONALES DE DANZA,CENTRE ENS. PROFESSIONALS DE DANSA MARÍA CARBONELL,Priv.,46022,VALÈNCIA,-0.336918,39.465156
809,CENTRO PRIVADO FORMACIÓN PROFESIONAL ESPECÍFICA,CENTRE PRIVAT FP ACADEMIA DE PELUQUERÍA VALENCIA,Priv.,46009,VALÈNCIA,-0.385404,39.483943
844,CENTRO PÚBLICO DE FORMACIÓN DE PERSONAS ADULTAS,CENTRE PÚBLIC FPA FONT DE SANT LLUÍS,Púb.,46013,VALÈNCIA,-0.367473,39.450021
845,CENTRO PÚBLICO DE FORMACIÓN DE PERSONAS ADULTAS,CENTRE PÚBLIC FPA MALVARROSA,Púb.,46011,VALÈNCIA,-0.327692,39.477388
846,CENTRO PÚBLICO DE FORMACIÓN DE PERSONAS ADULTAS,CENTRE PÚBLIC FPA CENTRO SOCIAL DEL GRAO,Púb.,46022,VALÈNCIA,-0.342454,39.466125
847,CENTRO PÚBLICO DE FORMACIÓN DE PERSONAS ADULTAS,CENTRE PÚBLIC FPA ESCUELA POPULAR NAZARET,Púb.,46024,VALÈNCIA,-0.333399,39.448282
848,CENTRO PÚBLICO DE FORMACIÓN DE PERSONAS ADULTAS,CENTRE PÚBLIC FPA L'ALGUER,Púb.,46022,VALÈNCIA,-0.337535,39.473115
849,CENTRO PÚBLICO DE FORMACIÓN DE PERSONAS ADULTAS,CENTRE PÚBLIC FPA REINA DOÑA GERMANA,Púb.,46019,VALÈNCIA,-0.366846,39.494905
850,CENTRO PÚBLICO DE FORMACIÓN DE PERSONAS ADULTAS,CENTRE PÚBLIC FPA SANT MARCEL·LÍ,Púb.,46017,VALÈNCIA,-0.391399,39.446517
851,CENTRO PÚBLICO DE FORMACIÓN DE PERSONAS ADULTAS,CENTRE PÚBLIC FPA SERRANO MORALES,Púb.,46008,VALÈNCIA,-0.388534,39.467988
852,CENTRO PÚBLICO DE FORMACIÓN DE PERSONAS ADULTAS,CENTRE PÚBLIC FPA PARC DE L'OEST,Púb.,46018,VALÈNCIA,-0.401891,39.467021
856,INSTITUTO DE EDUCACIÓN SECUNDARIA,IES FRANCESC FERRER I GUÀRDIA,Púb.,46020,VALÈNCIA,-0.355275,39.481951
859,CENTRO AUTORIZADO ELEMENTAL DE MÚSICA,"CENTRE ELEMENTAL DE MÚSICA ALSINA, ASOCIACIÓN",Priv.,46008,VALÈNCIA,-0.387184,39.468533
866,INSTITUTO DE EDUCACIÓN SECUNDARIA,IES JOSÉ BALLESTER GOZALVO,Púb.,46019,VALÈNCIA,-0.379586,39.496557
871,COLEGIO DE EDUCACIÓN INFANTIL Y PRIMARIA,CEIP L'AMISTAT,Púb.,46022,VALÈNCIA,-0.350177,39.472357
874,COLEGIO DE EDUCACIÓN INFANTIL Y PRIMARIA,CEIP MESTALLA,Púb.,46021,VALÈNCIA,-0.356627,39.471864
879,CENTRO AUTORIZADO ELEMENTAL DE DANZA,CENTRE ELEMENTAL DE DANSA BOTÀNIC (ESPAI DE DANSA),Priv.,46008,VALÈNCIA,-0.385401,39.477728
890,ESCUELA INFANTIL DE PRIMER CICLO,EI 1er CICLE CENTRO SOCIAL EL GRAO,Púb.,46022,VALÈNCIA,-0.341917,39.466539
899,COLEGIO DE EDUCACIÓN INFANTIL Y PRIMARIA,CEIP MIQUEL ADLERT I NOGUEROL,Púb.,46022,VALÈNCIA,-0.346745,39.467756
902,CONSERVATORIO PROFESIONAL DE DANZA,CONSERVATORI PROFESSIONAL DE DANSA,Púb.,46022,VALÈNCIA,-0.347346,39.483642
903,INSTITUTO DE EDUCACIÓN SECUNDARIA,IES BARRI DEL CARME,Púb.,46003,VALÈNCIA,-0.381904,39.479856
913,CENTRO DOCENTE PRIVADO DE FORMACIÓN BÁSICA DE PERSONAS ADULTAS,CENTRE DOCENT PRIVAT FPA CASA DE LOS OBREROS S.VTE. FERRER,Priv.,46001,VALÈNCIA,-0.378127,39.47663
927,CENTRO PRIVADO DE EDUCACIÓN ESPECIAL,CEE PRIV. PARÁLISIS CEREBRAL INFANTIL CRUZ ROJA,Priv. Conc.,46010,VALÈNCIA,-0.371671,39.480042
946,ESCUELA PRIVADA DE MÚSICA,ESCOLA PRIVADA DE MÚSICA CENTRE DE MÚSICA NATZARET,Priv.,46024,VALÈNCIA,-0.333693,39.451285
965,ESCUELA PRIVADA DE MÚSICA,ESCOLA PRIVADA DE MÚSICA POBLADOS MARÍTIMOS,Priv.,46011,VALÈNCIA,-0.330566,39.470051
966,ESCUELA PRIVADA DE MÚSICA,ESCOLA PRIVADA DE MÚSICA DEL PUERTO,Priv.,46011,VALÈNCIA,-0.331889,39.464573
970,ESCUELA PRIVADA DE MÚSICA,ESCOLA PRIVADA DE MÚSICA AULA DE MÚSICA DIVISI,Priv.,46015,VALÈNCIA,-0.396245,39.480843
986,CENTRO PRIVADO FORMACIÓN PROFESIONAL ESPECÍFICA,CENTRE PRIVAT FP SANTA ANA,Priv. Conc.,46021,VALÈNCIA,-0.349948,39.469935
987,CENTRO DOCENTE PRIVADO EXTRANJERO,CENTRE ESTRANGER BRITISH SCHOOL OF VALENCIA,Priv.,46006,VALÈNCIA,-0.374715,39.457403
988,CENTRO PRIVADO DE EDUCACIÓN INFANTIL DE PRIMER CICLO,CENTRE PRIV. ED. INF. 1er CICLE L'ÀNEC BOIG,Priv.,46017,VALÈNCIA,-0.390449,39.449385
1006,ESCUELA PRIVADA DE MÚSICA,ESCOLA PRIVADA DE MÚSICA HIPOLITO MARTINEZ,Priv.,46020,VALÈNCIA,-0.360457,39.48528
1010,CENTRO PRIVADO DE EDUCACIÓN INFANTIL DE PRIMER CICLO,CENTRE PRIV. ED. INF. 1er CICLE EL CASTILLO,Priv.,46008,VALÈNCIA,-0.386694,39.469699
1011,CENTRO AUTORIZADO ELEMENTAL DE DANZA,CENTRE ELEMENTAL DE DANSA SOCIETAT CORAL EL MICALET,Priv.,46008,VALÈNCIA,-0.383974,39.471243
1012,CONSERVATORIO PROFESIONAL DE MÚSICA,CONSERVATORI PROFESSIONAL DE MÚSICA NÚMERO 2,Púb.,46001,VALÈNCIA,-0.382773,39.474929
1014,CENTRO INTEGRADO PÚBLICO DE FORMACIÓN PROFESIONAL,CIPFP AUSIÀS MARCH,Púb.,46013,VALÈNCIA,-0.368523,39.448039
1019,CENTRO PRIVADO DE EDUCACIÓN INFANTIL,CENTRE PRIV. ED. INFANTIL CAMPANAR,Priv. Conc.,46015,VALÈNCIA,-0.397336,39.481738
1023,CENTRO PRIVADO DE EDUCACIÓN INFANTIL DE PRIMER CICLO,CENTRE PRIV. ED. INF. 1er CICLE SAMBORI,Priv.,46007,VALÈNCIA,-0.391334,39.460525
1025,CENTRO PRIVADO DE EDUCACIÓN INFANTIL DE PRIMER CICLO,CENTRE PRIV. ED. INF. 1er CICLE BRESSOL-BENIMACLET,Priv.,46020,VALÈNCIA,-0.35982,39.48674
1033,CENTRO PRIVADO DE EDUCACIÓN INFANTIL DE PRIMER CICLO,CENTRE PRIV. ED. INF. 1er CICLE DÁLMATAS,Priv.,46021,VALÈNCIA,-0.351839,39.473941
1038,ESCUELA PRIVADA DE MÚSICA,ESCOLA PRIVADA DE MÚSICA ESCOLANIA NTRA.SRA.DESAMPARADOS,Priv.,46003,VALÈNCIA,-0.371196,39.475618
1056,INSTITUTO DE EDUCACIÓN SECUNDARIA,IES CONSELLERIA,Púb.,46015,VALÈNCIA,-0.393158,39.485181
1065,CENTRO PRIVADO FORMACIÓN PROFESIONAL ESPECÍFICA,CENTRE PRIVAT FP C.ESTUDIOS FINANCIEROS,Priv.,46010,VALÈNCIA,-0.370601,39.482353
1066,CENTRO PRIVADO DE EDUCACIÓN INFANTIL,CENTRE PRIV. ED. INFANTIL CHIQUILÍN,Priv.,46008,VALÈNCIA,-0.390226,39.471881
1070,CENTRO PRIVADO DE EDUCACIÓN INFANTIL,CENTRE PRIV. ED. INFANTIL GIORGETA,Priv. Conc.,46007,VALÈNCIA,-0.385146,39.460374
1071,CENTRO PRIVADO DE EDUCACIÓN INFANTIL,CENTRE PRIV. ED. INFANTIL LA PALOMA,Priv.,46018,VALÈNCIA,-0.390287,39.462489
1083,INSTITUTO DE EDUCACIÓN SECUNDARIA,IES SERPIS,Púb.,46022,VALÈNCIA,-0.337535,39.473115
1094,ESCUELA PRIVADA DE MÚSICA,ESCOLA PRIVADA DE MÚSICA CRA./FUENTE SAN LUIS,Priv.,46006,VALÈNCIA,-0.372412,39.455879
1095,ESCUELA PRIVADA DE MÚSICA,ESCOLA PRIVADA DE MÚSICA AMPARO ITURBI,Priv.,46006,VALÈNCIA,-0.37817,39.453998
1096,ESCUELA PRIVADA DE MÚSICA,ESCOLA PRIVADA DE MÚSICA DE ORRIOLS,Priv.,46019,VALÈNCIA,-0.369887,39.491527
1097,CENTRO PRIVADO DE EDUCACIÓN INFANTIL DE PRIMER CICLO,CENTRE PRIV. ED. INF. 1er CICLE DUMBO,Priv.,46008,VALÈNCIA,-0.39027,39.469824
1108,INSTITUTO DE EDUCACIÓN SECUNDARIA,"IES PATRAIX, VICENTA FERRER ESCRIVÁ",Púb.,46014,VALÈNCIA,-0.395497,39.460757
1113,CENTRO PRIVADO FORMACIÓN PROFESIONAL ESPECÍFICA,CENTRE PRIVAT FP I. INTER,Priv.,46007,VALÈNCIA,-0.380906,39.462016
1116,CENTRO PRIVADO DE EDUCACIÓN INFANTIL DE PRIMER CICLO,CENTRE PRIV. ED. INF. 1er CICLE CASA CUNA SANTA ISABEL,Priv.,46014,VALÈNCIA,-0.410287,39.467678
1117,CENTRO PRIVADO DE EDUCACIÓN INFANTIL DE PRIMER CICLO,CENTRE PRIV. ED. INF. 1er CICLE EL TRENET,Priv.,46018,VALÈNCIA,-0.38987,39.463777
1118,CONSERVATORIO SUPERIOR DE DANZA,CONSERVATORI SUPERIOR DE DANSA DE VALÈNCIA NACHO DUATO,Púb.,46022,VALÈNCIA,-0.347346,39.483642
1119,COLEGIO DE EDUCACIÓN INFANTIL Y PRIMARIA,CEIP SERRERÍA,Púb.,46022,VALÈNCIA,-0.335144,39.467771
1126,CENTRO PRIVADO DE EDUCACIÓN INFANTIL DE PRIMER CICLO,CENTRE PRIV. ED. INF. 1er CICLE DEHESA,Priv.,46013,VALÈNCIA,-0.367374,39.442658
1129,CENTRO PRIVADO DE EDUCACIÓN INFANTIL DE PRIMER CICLO,CENTRE PRIV. ED. INF. 1er CICLE KINDER,Priv.,46005,VALÈNCIA,-0.363783,39.465694
1131,CENTRO PRIVADO DE EDUCACIÓN INFANTIL DE PRIMER CICLO,CENTRE PRIV. ED. INF. 1er CICLE PIPO,Priv.,46019,VALÈNCIA,-0.376861,39.492301
1132,CENTRO PRIVADO FORMACIÓN PROFESIONAL ESPECÍFICA,CENTRE PRIVAT FP ByS FORMACIÓN,Priv. Conc.,46005,VALÈNCIA,-0.365848,39.463145
1133,CENTRO PRIVADO DE EDUCACIÓN INFANTIL,CENTRE PRIV. ED. INFANTIL LA AURORA,Priv. Conc.,46008,VALÈNCIA,-0.391182,39.474584
1134,CENTRO PRIVADO DE EDUCACIÓN INFANTIL,CENTRE PRIV. ED. INFANTIL PATUFET,Priv.,46006,VALÈNCIA,-0.372559,39.460111
1135,CENTRO INTEGRADO PÚBLICO DE FORMACIÓN PROFESIONAL,CIPFP CIUTAT DE L'APRENENT,Púb.,46017,VALÈNCIA,-0.390626,39.440166
1136,CENTRO PRIVADO DE EDUCACIÓN INFANTIL,CENTRE PRIV. ED. INFANTIL JESÚS-KIND,Priv.,46021,VALÈNCIA,-0.354058,39.477541
1138,CENTRO PRIVADO DE EDUCACIÓN INFANTIL,CENTRE PRIV. ED. INFANTIL BAMBINOS,Priv.,46017,VALÈNCIA,-0.387923,39.453145
1140,CENTRO PRIVADO DE EDUCACIÓN INFANTIL DE PRIMER CICLO,CENTRE PRIV. ED. INF. 1er CICLE NANSY,Priv.,46025,VALÈNCIA,-0.395014,39.493974
1144,INSTITUTO DE EDUCACIÓN SECUNDARIA,IES BENICALAP,Púb.,46015,VALÈNCIA,-0.399789,39.49582
1148,CENTRO PRIVADO FORMACIÓN PROFESIONAL ESPECÍFICA,CENTRE PRIVAT FP C.ESTUDIOS RODRIGO-GIORGETA,Priv. Conc.,46007,VALÈNCIA,-0.387536,39.460128
1152,CENTRO PRIVADO DE EDUCACIÓN INFANTIL DE PRIMER CICLO,CENTRE PRIV. ED. INF. 1er CICLE REDOLINS,Priv.,46019,VALÈNCIA,-0.371454,39.495717
1169,ESCUELA PRIVADA DE MÚSICA,ESCOLA PRIVADA DE MÚSICA AGRUPACIÓN MUSICAL BENICALAP,Priv.,46025,VALÈNCIA,-0.392815,39.492616
1170,ESCUELA PRIVADA DE MÚSICA,ESCOLA PRIVADA DE MÚSICA FRANCISCA PASCUAL,Priv.,46018,VALÈNCIA,-0.405282,39.464112
1171,INSTITUTO DE EDUCACIÓN SECUNDARIA,IES MALILLA,Púb.,46026,VALÈNCIA,-0.379694,39.45249
1172,COLEGIO DE EDUCACIÓN PRIMARIA,CEP AIORA,Púb.,46022,VALÈNCIA,-0.338924,39.46692
1174,COLEGIO DE EDUCACIÓN INFANTIL Y PRIMARIA,CEIP MARE NOSTRUM,Púb.,46022,VALÈNCIA,-0.337293,39.471997
1187,COLEGIO DE EDUCACIÓN INFANTIL Y PRIMARIA,CEIP SANT ISIDRE,Púb.,46014,VALÈNCIA,-0.403061,39.451397
1188,COLEGIO DE EDUCACIÓN INFANTIL Y PRIMARIA,CEIP HUMANISTA MARINER,Púb.,46014,VALÈNCIA,-0.394435,39.459631
1190,ESCUELA INFANTIL,EI LES RONDALLES,Púb.,46022,VALÈNCIA,-0.338377,39.465437
1194,CENTRO PRIVADO DE EDUCACIÓN INFANTIL DE PRIMER CICLO,CENTRE PRIV. ED. INF. 1er CICLE EL COLE DE LOS PITUSINES,Priv.,46015,VALÈNCIA,-0.391474,39.490119
1196,CENTRO PRIVADO DE EDUCACIÓN INFANTIL,CENTRE PRIV. ED. INFANTIL SAN PASCUAL BAYLÓN,Priv.,46010,VALÈNCIA,-0.362744,39.47624
1200,CENTRO PRIVADO DE EDUCACIÓN INFANTIL DE PRIMER CICLO,CENTRE PRIV. ED. INF. 1er CICLE CARAGOLS I MARIETES II,Priv.,46017,VALÈNCIA,-0.392697,39.451459
1201,CENTRO PRIVADO DE EDUCACIÓN INFANTIL DE PRIMER CICLO,CENTRE PRIV. ED. INF. 1er CICLE BAMBI,Priv.,46005,VALÈNCIA,-0.368986,39.461362
1202,CENTRO PRIVADO DE EDUCACIÓN INFANTIL DE PRIMER CICLO,CENTRE PRIV. ED. INF. 1er CICLE EL COLE,Priv.,46014,VALÈNCIA,-0.410905,39.472504
1203,CENTRO PRIVADO DE EDUCACIÓN INFANTIL DE PRIMER CICLO,CENTRE PRIV. ED. INF. 1er CICLE BETEL,Priv.,46020,VALÈNCIA,-0.358284,39.484098
1204,CENTRO PRIVADO DE EDUCACIÓN INFANTIL DE PRIMER CICLO,CENTRE PRIV. ED. INF. 1er CICLE  ANAIA,Priv.,46022,VALÈNCIA,-0.345155,39.470326
1205,CENTRO PRIVADO DE EDUCACIÓN INFANTIL DE PRIMER CICLO,CENTRE PRIV. ED. INF. 1er CICLE EL OSITO AZUL,Priv.,46017,VALÈNCIA,-0.392396,39.443816
1206,CENTRO PRIVADO DE EDUCACIÓN INFANTIL,CENTRE PRIV. ED. INFANTIL SAN LUIS,Priv.,46006,VALÈNCIA,-0.369437,39.457601
1208,CENTRO PRIVADO DE EDUCACIÓN INFANTIL DE PRIMER CICLO,CENTRE PRIV. ED. INF. 1er CICLE LA ESTRELLA,Priv.,46006,VALÈNCIA,-0.364029,39.460815
1209,CENTRO PRIVADO DE EDUCACIÓN PRIMARIA Y SECUNDARIA,CENTRE PRIVAT OLLER 2,Priv. Conc.,46017,VALÈNCIA,-0.391471,39.454286
1216,CENTRO PRIVADO DE EDUCACIÓN INFANTIL DE PRIMER CICLO,CENTRE PRIV. ED. INF. 1er CICLE SAN JUAN BOSCO,Priv.,46009,VALÈNCIA,-0.385723,39.482837
1218,CENTRO PRIVADO DE EDUCACIÓN INFANTIL DE PRIMER CICLO,CENTRE PRIV. ED. INF. 1er CICLE SAN JOSÉ,Priv.,46020,VALÈNCIA,-0.359159,39.486605
1219,CENTRO PRIVADO DE EDUCACIÓN INFANTIL,CENTRE PRIV. ED. INFANTIL GUPPY,Priv. Conc.,46005,VALÈNCIA,-0.367424,39.462754
1224,CENTRO PRIVADO DE EDUCACIÓN INFANTIL DE PRIMER CICLO,CENTRE PRIV. ED. INF. 1er CICLE CASA DE LA CARIDAD,Priv.,46008,VALÈNCIA,-0.386563,39.478516
1237,ESCUELA PRIVADA DE MÚSICA,ESCOLA PRIVADA DE MÚSICA DE LA SOC.MUS.UNIÓN DE PESCADORES,Priv.,46011,VALÈNCIA,-0.329633,39.472237
1238,ESCUELA PRIVADA DE MÚSICA,ESCOLA PRIVADA DE MÚSICA NUESTRA SEÑORA DE FÁTIMA,Priv.,46018,VALÈNCIA,-0.404456,39.468378
1240,CENTRO PRIVADO DE EDUCACIÓN INFANTIL DE PRIMER CICLO,CENTRE PRIV. ED. INF. 1er CICLE EL CUCURUCHO,Priv.,46021,VALÈNCIA,-0.351174,39.468703
1241,CENTRO AUTORIZADO DE ENSEÑANZAS ARTÍSTICAS PROFESIONALES DE MÚSICA,CENTRE ENS. PROFESSIONALS DE MÚSICA ASOCIAC. MUSICAL ALSINA,Priv.,46009,VALÈNCIA,-0.386235,39.482531
1242,CENTRO PRIVADO DE EDUCACIÓN INFANTIL,CENTRE PRIV. ED. INFANTIL LOS DUENDES,Priv.,46015,VALÈNCIA,-0.401478,39.480017
1243,CENTRO PRIVADO DE EDUCACIÓN INFANTIL,CENTRE PRIV. ED. INFANTIL PETER PAN,Priv.,46005,VALÈNCIA,-0.368997,39.463077
1250,CENTRO PRIVADO DE EDUCACIÓN INFANTIL DE PRIMER CICLO,CENTRE PRIV. ED. INF. 1er CICLE DU-DU-A,Priv.,46022,VALÈNCIA,-0.340966,39.466387
1251,CENTRO PRIVADO DE EDUCACIÓN INFANTIL DE PRIMER CICLO,CENTRE PRIV. ED. INF. 1er CICLE ALADDIN,Priv.,46023,VALÈNCIA,-0.343038,39.461507
1252,CENTRO PRIVADO FORMACIÓN PROFESIONAL ESPECÍFICA,CENTRE PRIVAT FP INUPEL II,Priv.,46007,VALÈNCIA,-0.382274,39.462986
1256,CENTRO PRIVADO DE EDUCACIÓN INFANTIL DE PRIMER CICLO,CENTRE PRIV. ED. INF. 1er CICLE PITUS RUZAFA,Priv.,46006,VALÈNCIA,-0.3767,39.459457
1257,CENTRO PRIVADO DE EDUCACIÓN INFANTIL DE PRIMER CICLO,CENTRE PRIV. ED. INF. 1er CICLE BETERÓ,Priv.,46022,VALÈNCIA,-0.336177,39.474912
1265,INSTITUTO DE EDUCACIÓN SECUNDARIA,IES ABASTOS,Púb.,46008,VALÈNCIA,-0.388448,39.467955
1266,CENTRO PRIVADO DE EDUCACIÓN INFANTIL DE PRIMER CICLO,"CENTRE PRIV. ED. INF. 1er CICLE PADBURY, SL",Priv.,46020,VALÈNCIA,-0.357455,39.483822
1268,CENTRO PRIVADO DE EDUCACIÓN INFANTIL DE PRIMER CICLO,CENTRE PRIV. ED. INF. 1er CICLE GLOBITOS,Priv.,46017,VALÈNCIA,-0.389843,39.444394
1270,CENTRO PRIVADO DE EDUCACIÓN INFANTIL DE PRIMER CICLO,CENTRE PRIV. ED. INF. 1er CICLE COTÓ SCHOOL FOR KIDS,Priv.,46010,VALÈNCIA,-0.36845,39.487383
1272,CENTRO PRIVADO DE EDUCACIÓN INFANTIL DE PRIMER CICLO,CENTRE PRIV. ED. INF. 1er CICLE EL EDEN,Priv.,46022,VALÈNCIA,-0.345163,39.470734
1273,CENTRO PRIVADO DE EDUCACIÓN INFANTIL DE PRIMER CICLO,CENTRE PRIV. ED. INF. 1er CICLE SAMBORI-LATORRE,Priv.,46017,VALÈNCIA,-0.392064,39.433997
1277,CENTRO PRIVADO FORMACIÓN PROFESIONAL ESPECÍFICA,CENTRE PRIVAT FP COLEGIO RUZAFA,Priv.,46006,VALÈNCIA,-0.373321,39.464178
1288,ESCUELA PRIVADA DE MÚSICA,ESCOLA PRIVADA DE MÚSICA LA CLAVE,Priv.,46015,VALÈNCIA,-0.401955,39.489776
1300,INSTITUTO DE EDUCACIÓN SECUNDARIA,IES RASCANYA-ANTONIO CAÑUELO,Púb.,46019,VALÈNCIA,-0.360038,39.494793
1305,CENTRO PRIVADO DE EDUCACIÓN INFANTIL DE PRIMER CICLO,CENTRE PRIV. ED. INF. 1er CICLE GARABATOS,Priv.,46009,VALÈNCIA,-0.380805,39.484798
1313,CENTRO PRIVADO DE EDUCACIÓN INFANTIL DE PRIMER CICLO,CENTRE PRIV. ED. INF. 1er CICLE CRECIENDO JUNTOS,Priv.,46021,VALÈNCIA,-0.351812,39.469641
1314,CENTRO PRIVADO DE EDUCACIÓN INFANTIL DE PRIMER CICLO,CENTRE PRIV. ED. INF. 1er CICLE JARDÍN DE SERRERIA,Priv.,46022,VALÈNCIA,-0.337679,39.463499
1315,CENTRO PRIVADO DE EDUCACIÓN INFANTIL DE PRIMER CICLO,CENTRE PRIV. ED. INF. 1er CICLE WINNIE,Priv.,46021,VALÈNCIA,-0.355361,39.468941
1320,CENTRO PÚBLICO DE EDUCACIÓN A DISTANCIA,CENTRE PÚBLIC D'EDUCACIÓ A DISTÀNCIA CEED,Púb.,46014,VALÈNCIA,-0.410314,39.464551
1321,CENTRO PRIVADO DE EDUCACIÓN INFANTIL DE PRIMER CICLO,CENTRE PRIV. ED. INF. 1er CICLE LA SENYERA,Priv.,46019,VALÈNCIA,-0.369319,39.490157
1329,CENTRO PRIVADO DE EDUCACIÓN INFANTIL DE PRIMER CICLO,CENTRE PRIV. ED. INF. 1er CICLE BAMBINI,Priv.,46008,VALÈNCIA,-0.383711,39.471009
1330,CENTRO PRIVADO DE EDUCACIÓN INFANTIL DE PRIMER CICLO,CENTRE PRIV. ED. INF. 1er CICLE PARC CENTRAL COOP.V.,Priv.,46006,VALÈNCIA,-0.377808,39.455285
1334,CENTRO PRIVADO FORMACIÓN PROFESIONAL ESPECÍFICA,CENTRE PRIVAT FP TAES,Priv.,46007,VALÈNCIA,-0.383062,39.462199
1348,ESCUELA PRIVADA DE MÚSICA,ESCOLA PRIVADA DE MÚSICA TALLER DE MÚSICA,Priv.,46020,VALÈNCIA,-0.358088,39.48509
1360,COLEGIO DE EDUCACIÓN INFANTIL Y PRIMARIA,CEIP TOMÁS DE MONTAÑANA,Púb.,46023,VALÈNCIA,-0.351562,39.46171
1361,CENTRO PRIVADO DE EDUCACIÓN INFANTIL DE PRIMER CICLO,CENTRE PRIV. ED. INF. 1er CICLE MARNI II,Priv.,46019,VALÈNCIA,-0.368042,39.492459
1364,CENTRO PRIVADO DE EDUCACIÓN INFANTIL DE PRIMER CICLO,CENTRE PRIV. ED. INF. 1er CICLE PITUS ABASTOS,Priv.,46008,VALÈNCIA,-0.388759,39.469073
1366,CENTRO PRIVADO DE EDUCACIÓN INFANTIL DE PRIMER CICLO,CENTRE PRIV. ED. INF. 1er CICLE VIRGEN DE CORTES 2,Priv.,46017,VALÈNCIA,-0.390294,39.45324
1369,CENTRO PRIVADO DE EDUCACIÓN INFANTIL DE PRIMER CICLO,CENTRE PRIV. ED. INF. 1er CICLE SACAPUNTAS S/CORT. NI PUNTAS,Priv.,46006,VALÈNCIA,-0.37183,39.457899
1372,CENTRO PRIVADO DE EDUCACIÓN INFANTIL,CENTRE PRIV. ED. INFANTIL MERAVELLES,Priv.,46022,VALÈNCIA,-0.344911,39.470092
1376,CENTRO PRIVADO DE EDUCACIÓN INFANTIL,CENTRE PRIV. ED. INFANTIL LA AURORA 2,Priv.,46007,VALÈNCIA,-0.383802,39.462031
1381,CENTRO PRIVADO DE EDUCACIÓN INFANTIL DE PRIMER CICLO,CENTRE PRIV. ED. INF. 1er CICLE COLORINS,Priv.,46018,VALÈNCIA,-0.401409,39.470854
1388,ESCUELA PRIVADA DE MÚSICA,ESCOLA PRIVADA DE MÚSICA DE LA UNIÓ MUSICAL L'HORTA,Priv.,46017,VALÈNCIA,-0.391581,39.446567
1389,ESCUELA PRIVADA DE MÚSICA,E. PRIV. DE MÚSICA SOCIETAT MUSICAL LA UNIÓ DE TRES FORQUES,Priv.,46018,VALÈNCIA,-0.397604,39.465798
1391,CENTRO PRIVADO DE EDUCACIÓN INFANTIL DE PRIMER CICLO,CENTRE PRIV. ED. INF. 1er CICLE PEQUES-ÑAJOS,Priv.,46020,VALÈNCIA,-0.356401,39.484216
1393,CENTRO PRIVADO FORMACIÓN PROFESIONAL ESPECÍFICA,CENTRE PRIVAT FP XABEC,Priv. Conc.,46019,VALÈNCIA,-0.366851,39.494949
1395,CENTRO PRIVADO DE EDUCACIÓN INFANTIL DE PRIMER CICLO,CENTRE PRIV. ED. INF. 1er CICLE EL CASTILLO 2,Priv.,46015,VALÈNCIA,-0.395433,39.492782
1398,CENTRO PRIVADO FORMACIÓN PROFESIONAL ESPECÍFICA,"CENTRE PRIVAT FP LUMEN 1993 CENTRO ESTUDIOS, SL",Priv. Conc.,46019,VALÈNCIA,-0.373299,39.491821
1401,CENTRO PRIVADO DE EDUCACIÓN INFANTIL DE PRIMER CICLO,CENTRE PRIV. ED. INF. 1er CICLE ELS MARINERETS,Priv.,46011,VALÈNCIA,-0.332344,39.466475
1403,CENTRO AUTORIZADO DE ENSEÑANZAS ARTÍSTICAS PROFESIONALES DE MÚSICA,CENTRE ENS. PROFESSIONALS DE MÚSICA TALLER DE MÚSICA JOVE,Priv.,46020,VALÈNCIA,-0.358118,39.485114
1406,ESCUELA OFICIAL DE IDIOMAS,ESCOLA OFICIAL IDIOMES VALÈNCIA-QUATRE CARRERES,Púb.,46013,VALÈNCIA,-0.36386,39.454129
1407,CENTRO PRIVADO FORMACIÓN PROFESIONAL ESPECÍFICA,CENTRE PRIVAT FP CFFOLGADO,Priv. Conc.,46017,VALÈNCIA,-0.408125,39.440833
1408,CENTRO PRIVADO DE EDUCACIÓN INFANTIL DE PRIMER CICLO,CENTRE PRIV. ED. INF. 1er CICLE DIXIE,Priv.,46019,VALÈNCIA,-0.377735,39.495845
1410,CENTRO PRIVADO DE EDUCACIÓN INFANTIL DE PRIMER CICLO,CENTRE PRIV. ED. INF. 1er CICLE MARGON SCHOOL ALAMEDA,Priv.,46023,VALÈNCIA,-0.357217,39.462422
1450,CENTRO PRIVADO DE EDUCACIÓN INFANTIL DE PRIMER CICLO,CENTRE PRIV. ED. INF. 1er CICLE BOLQUERETS,Priv.,46006,VALÈNCIA,-0.376915,39.453207
1451,CENTRO PRIVADO DE EDUCACIÓN INFANTIL DE PRIMER CICLO,CENTRE PRIV. ED. INF. 1er CICLE LA PAZ,Priv.,46025,VALÈNCIA,-0.380158,39.492941
1452,CENTRO PRIVADO DE EDUCACIÓN INFANTIL DE PRIMER CICLO,CENTRE PRIV. ED. INF. 1er CICLE PEÚCOS,Priv.,46025,VALÈNCIA,-0.383336,39.495288
1457,CENTRO PRIVADO DE EDUCACIÓN INFANTIL DE PRIMER CICLO,CENTRE PRIV. ED. INF. 1er CICLE INFANTES,Priv.,46011,VALÈNCIA,-0.326774,39.479078
1467,CENTRO PRIVADO DE EDUCACIÓN INFANTIL DE PRIMER CICLO,CENTRE PRIV. ED. INF. 1er CICLE LITTLE STARS,Priv.,46022,VALÈNCIA,-0.341984,39.469071
1468,CENTRO PRIVADO DE EDUCACIÓN INFANTIL DE PRIMER CICLO,CENTRE PRIV. ED. INF. 1er CICLE CHIQUILANDIA,Priv.,46025,VALÈNCIA,-0.39422,39.495282
1470,CENTRO PRIVADO DE EDUCACIÓN INFANTIL DE PRIMER CICLO,CENTRE PRIV. ED. INF. 1er CICLE PITUFOS,Priv.,46011,VALÈNCIA,-0.329209,39.474916
1471,CENTRO PRIVADO DE EDUCACIÓN INFANTIL DE PRIMER CICLO,CENTRE PRIV. ED. INF. 1er CICLE MI COLE,Priv.,46005,VALÈNCIA,-0.369426,39.463404
1474,CENTRO PRIVADO DE EDUCACIÓN INFANTIL DE PRIMER CICLO,CENTRE PRIV. ED. INF. 1er CICLE LÁPICES III,Priv.,46025,VALÈNCIA,-0.382977,39.495394
1476,CENTRO PRIVADO DE EDUCACIÓN INFANTIL DE PRIMER CICLO,CENTRE PRIV. ED. INF. 1er CICLE FANTASY SCHOOL,Priv.,46009,VALÈNCIA,-0.386431,39.486814
1483,COLEGIO DE EDUCACIÓN INFANTIL Y PRIMARIA,CEIP ALEJANDRA SOLER,Púb.,46006,VALÈNCIA,-0.374414,39.461832
1488,CENTRO PRIVADO DE EDUCACIÓN INFANTIL DE PRIMER CICLO,CENTRE PRIV. ED. INF. 1er CICLE BALEARS II,Priv.,46023,VALÈNCIA,-0.355063,39.466081
1494,CENTRO PRIVADO DE EDUCACIÓN INFANTIL DE PRIMER CICLO,CENTRE PRIV. ED. INF. 1er CICLE BABY IALE,Priv.,46015,VALÈNCIA,-0.400679,39.484468
1495,CENTRO PRIVADO FORMACIÓN PROFESIONAL ESPECÍFICA,CENTRE PRIVAT FP TEVIÁN CEP,Priv.,46008,VALÈNCIA,-0.389729,39.471571
1497,ESCUELA INFANTIL DE PRIMER CICLO,EI 1er CICLE MUNICIPAL PARDALETS,Púb.,46021,VALÈNCIA,-0.349202,39.475264
1519,ESCUELA INFANTIL DE PRIMER CICLO,EI 1er CICLE MUNICIPAL GENT MENUDA,Púb.,46024,VALÈNCIA,-0.335516,39.445444
1540,CENTRO PRIVADO DE EDUCACIÓN INFANTIL DE PRIMER CICLO,CENTRE PRIV. ED. INF. 1er CICLE PEKES DE LA OLIVERETA,Priv.,46018,VALÈNCIA,-0.393837,39.470125
1542,CENTRO PRIVADO DE EDUCACIÓN INFANTIL DE PRIMER CICLO,CENTRE PRIV. ED. INF. 1er CICLE EL VALLE 2,Priv.,46015,VALÈNCIA,-0.406113,39.491831
1560,ESCUELA PRIVADA DE MÚSICA,ESCOLA PRIVADA DE MÚSICA SOCIETAT MUSICAL BARRI MALILLA,Priv.,46006,VALÈNCIA,-0.380035,39.453273
1561,ESCUELA INFANTIL DE PRIMER CICLO,EI 1er CICLE MUNICIPAL SOLC,Púb.,46018,VALÈNCIA,-0.401812,39.463877
1567,CENTRO PRIVADO FORMACIÓN PROFESIONAL ESPECÍFICA,CENTRE PRIVAT FP I. INTER II,Priv.,46007,VALÈNCIA,-0.384521,39.464178
1576,CENTRO PRIVADO DE EDUCACIÓN INFANTIL DE PRIMER CICLO,CENTRE PRIV. ED. INF. 1er CICLE SAINT THOMAS,Priv.,46009,VALÈNCIA,-0.375016,39.487106
1577,CENTRO PRIVADO DE EDUCACIÓN INFANTIL,CENTRE PRIV. ED. INFANTIL EL VALLE 1,Priv.,46015,VALÈNCIA,-0.396921,39.479861
1580,CENTRO PRIVADO DE EDUCACIÓN INFANTIL DE PRIMER CICLO,CENTRE PRIV. ED. INF. 1er CICLE CHISPA,Priv.,46019,VALÈNCIA,-0.37252,39.49184
1581,CENTRO PRIVADO DE EDUCACIÓN INFANTIL DE PRIMER CICLO,CENTRE PRIV. ED. INF. 1er CICLE BABY DONALD,Priv.,46014,VALÈNCIA,-0.415286,39.468063
1582,CENTRO PRIVADO DE EDUCACIÓN INFANTIL DE PRIMER CICLO,CENTRE PRIV. ED. INF. 1er CICLE MY HOUSE,Priv.,46010,VALÈNCIA,-0.35877,39.472003
1584,CENTRO PRIVADO DE EDUCACIÓN INFANTIL,CENTRE PRIV. ED. INFANTIL LÁPICES II,Priv.,46015,VALÈNCIA,-0.399359,39.484626
1585,CENTRO PRIVADO DE EDUCACIÓN INFANTIL,CENTRE PRIV. ED. INFANTIL LA CASITA DEL SOL,Priv.,46003,VALÈNCIA,-0.372131,39.475503
1591,CENTRO PRIVADO DE EDUCACIÓN INFANTIL DE PRIMER CICLO,CENTRE PRIV. ED. INF. 1er CICLE FANTASÍA,Priv.,46014,VALÈNCIA,-0.405067,39.45471
1598,CENTRO PRIVADO DE EDUCACIÓN INFANTIL,CENTRE PRIV. ED. INFANTIL RISITAS,Priv.,46018,VALÈNCIA,-0.391777,39.463346
1605,CENTRO PRIVADO DE EDUCACIÓN INFANTIL DE PRIMER CICLO,CENTRE PRIV. ED. INF. 1er CICLE MI OSITA KINDER,Priv.,46009,VALÈNCIA,-0.376292,39.486563
1609,CENTRO PRIVADO DE EDUCACIÓN INFANTIL,CENTRE PRIV. ED. INFANTIL VIRGEN DE CORTES,Priv. Conc.,46007,VALÈNCIA,-0.387043,39.456721
1610,CENTRO PRIVADO DE EDUCACIÓN INFANTIL DE PRIMER CICLO,CENTRE PRIV. ED. INF. 1er CICLE TAMARINDOS-CAMARENA,Priv.,46015,VALÈNCIA,-0.403211,39.478059
1613,CENTRO PRIVADO DE EDUCACIÓN INFANTIL DE PRIMER CICLO,CENTRE PRIV. ED. INF. 1er CICLE NEMOMARLÍN NOU MOLES,Priv.,46018,VALÈNCIA,-0.397739,39.473239
1614,ESCUELA PRIVADA DE MÚSICA,ESCOLA PRIVADA DE MÚSICA AGRUPACIÓN MUSICAL PATRAIX,Priv.,46018,VALÈNCIA,-0.39366,39.462671
1628,CENTRO PRIVADO DE EDUCACIÓN INFANTIL DE PRIMER CICLO,CENTRE PRIV. ED. INF. 1er CICLE DINO SCHOOL-BENIMACLET,Priv.,46020,VALÈNCIA,-0.365207,39.486543
1635,CENTRO PRIVADO DE EDUCACIÓN INFANTIL DE PRIMER CICLO,CENTRE PRIV. ED. INF. 1er CICLE MONTESSORI-SAN ISIDRO,Priv.,46014,VALÈNCIA,-0.403565,39.452275
1637,CENTRO PRIVADO DE EDUCACIÓN INFANTIL DE PRIMER CICLO,CENTRE PRIV. ED. INF. 1er CICLE COTÓ,Priv.,46009,VALÈNCIA,-0.371636,39.485311
1639,CENTRO PRIVADO DE EDUCACIÓN INFANTIL DE PRIMER CICLO,CENTRE PRIV. ED. INF. 1er CICLE LÁPICES IV,Priv.,46008,VALÈNCIA,-0.388641,39.475744
1654,ESCUELA PRIVADA DE MÚSICA,ESCOLA PRIVADA DE MÚSICA MARÍA RAFOLS,Priv.,46021,VALÈNCIA,-0.354694,39.467077
1655,ESCUELA PRIVADA DE MÚSICA,ESCOLA PRIVADA DE MÚSICA CAMPANAR,Priv.,46015,VALÈNCIA,-0.396358,39.481657
1664,CENTRO PRIVADO DE EDUCACIÓN INFANTIL DE PRIMER CICLO,CENTRE PRIV. ED. INF. 1er CICLE EL CARAGOL,Priv.,46011,VALÈNCIA,-0.333227,39.466709
1665,CENTRO PRIVADO DE EDUCACIÓN INFANTIL DE PRIMER CICLO,CENTRE PRIV. ED. INF. 1er CICLE AL COLE,Priv.,46010,VALÈNCIA,-0.36857,39.484924
1667,CENTRO PRIVADO DE EDUCACIÓN INFANTIL DE PRIMER CICLO,CENTRE PRIV. ED. INF. 1er CICLE TXANOGORRITXU,Priv.,46015,VALÈNCIA,-0.406793,39.495934
1668,CENTRO PRIVADO DE EDUCACIÓN INFANTIL DE PRIMER CICLO,CENTRE PRIV. ED. INF. 1er CICLE MI KITA,Priv.,46010,VALÈNCIA,-0.370565,39.484276
1671,CENTRO PRIVADO DE EDUCACIÓN INFANTIL DE PRIMER CICLO,CENTRE PRIV. ED. INF. 1er CICLE EL VALLE,Priv.,46015,VALÈNCIA,-0.40563,39.491664
1673,CENTRO PRIVADO DE EDUCACIÓN INFANTIL DE PRIMER CICLO,CENTRE PRIV. ED. INF. 1er CICLE PASITO A PASITO,Priv.,46004,VALÈNCIA,-0.371548,39.466647
1681,COLEGIO DE EDUCACIÓN INFANTIL Y PRIMARIA,CEIP L'ALBEREDA,Púb.,46023,VALÈNCIA,-0.342269,39.45566
1684,CENTRO PRIVADO DE EDUCACIÓN INFANTIL DE PRIMER CICLO,CENTRE PRIV. ED. INF. 1er CICLE ILLES BALEARS,Priv.,46023,VALÈNCIA,-0.353009,39.462671
1687,CENTRO PRIVADO DE EDUCACIÓN INFANTIL DE PRIMER CICLO,CENTRE PRIV. ED. INF. 1er CICLE ALMA MONTESSORI,Priv.,46011,VALÈNCIA,-0.332175,39.467429
1695,CENTRO PRIVADO DE EDUCACIÓN INFANTIL DE PRIMER CICLO,CENTRE PRIV. ED. INF. 1er CICLE LITTLE FRIENDS,Priv.,46008,VALÈNCIA,-0.390417,39.469852
1696,CENTRO PRIVADO DE EDUCACIÓN INFANTIL DE PRIMER CICLO,CENTRE PRIV. ED. INF. 1er CICLE TEYSA-ARAGÓN,Priv.,46021,VALÈNCIA,-0.358558,39.468618
1703,CENTRO PRIVADO DE EDUCACIÓN INFANTIL DE PRIMER CICLO,CENTRE PRIV. ED. INF. 1er CICLE BABY'S BRAIN,Priv.,46021,VALÈNCIA,-0.352802,39.47425
1719,CENTRO PRIVADO DE EDUCACIÓN INFANTIL DE PRIMER CICLO,CENTRE PRIV. ED. INF. 1er CICLE SAINT TIMOTHY,Priv.,46011,VALÈNCIA,-0.333897,39.463948
1738,CENTRO PRIVADO FORMACIÓN PROFESIONAL ESPECÍFICA,CENTRE PRIVAT FP I. INTER III,Priv.,46007,VALÈNCIA,-0.382354,39.461279
1742,CENTRO PRIVADO DE EDUCACIÓN INFANTIL DE PRIMER CICLO,CENTRE PRIV. ED. INF. 1er CICLE LÁPICES I,Priv.,46018,VALÈNCIA,-0.396688,39.470912
1748,CENTRO PRIVADO DE EDUCACIÓN INFANTIL DE PRIMER CICLO,CENTRE PRIV. ED. INF. 1er CICLE GLOBITOS 2,Priv.,46017,VALÈNCIA,-0.387526,39.440568
1757,CENTRO PRIVADO FORMACIÓN PROFESIONAL ESPECÍFICA,CENTRE PRIVAT FP NÀUTICA I SUBAQUÀTICA,Priv.,46022,VALÈNCIA,-0.348558,39.468071
1759,CENTRO PRIVADO DE EDUCACIÓN INFANTIL DE PRIMER CICLO,CENTRE PRIV. ED. INF. 1er CICLE LA AURORA 3,Priv.,46008,VALÈNCIA,-0.386589,39.471345
1760,CENTRO PRIVADO DE EDUCACIÓN INFANTIL,CENTRE PRIV. ED. INFANTIL L'ALQUERIA,Priv.,46015,VALÈNCIA,-0.404002,39.483533
1762,CENTRO PRIVADO DE EDUCACIÓN INFANTIL DE PRIMER CICLO,CENTRE PRIV. ED. INF. 1er CICLE PEKEÑOS MAGOS,Priv.,46025,VALÈNCIA,-0.379468,39.49107
1765,CENTRO PRIVADO DE EDUCACIÓN INFANTIL DE PRIMER CICLO,CENTRE PRIV. ED. INF. 1er CICLE EL ESCONDITE INGLÉS,Priv.,46013,VALÈNCIA,-0.369386,39.455382
1775,CENTRO AUTORIZADO DE ENSEÑANZAS ARTÍSTICAS PROFESIONALES DE MÚSICA,CENTRE ENS. PROF. DE MÚSICA ATENEO MUS.ICAL DEL PUERTO,Priv.,46011,VALÈNCIA,-0.333323,39.464775
1776,SECCIÓN DE EDUCACIÓN SECUNDARIA,SECCIÓ DE L'IES CONSELLERIA A VALENCIA,Púb.,46015,VALÈNCIA,-0.392627,39.48309
1779,CENTRO PRIVADO DE EDUCACIÓN INFANTIL DE PRIMER CICLO,CENTRE PRIV. ED. INF. 1er CICLE XICOTETS,Priv.,46004,VALÈNCIA,-0.372236,39.467073
1787,CENTRO PRIVADO DE EDUCACIÓN INFANTIL DE PRIMER CICLO,CENTRE PRIV. ED. INF. 1er CICLE QUART 24,Priv.,46002,VALÈNCIA,-0.381411,39.476147
1788,CENTRO PRIVADO FORMACIÓN PROFESIONAL ESPECÍFICA,CENTRE PRIVAT FP CAPITOL,Priv.,46002,VALÈNCIA,-0.37597,39.467721
1789,CENTRO PRIVADO DE EDUCACIÓN INFANTIL DE PRIMER CICLO,CENTRE PRIV. ED. INF. 1er CICLE PIPO 2,Priv.,46025,VALÈNCIA,-0.379457,39.49096
1792,CENTRO PRIVADO FORMACIÓN PROFESIONAL ESPECÍFICA,CENTRE PRIVAT FP VERGE DE CORTES. VALÈNCIA,Priv. Conc.,46007,VALÈNCIA,-0.386933,39.457274
1793,CENTRO PRIVADO DE EDUCACIÓN INFANTIL DE PRIMER CICLO,CENTRE PRIV. ED. INF. 1er CICLE PASITOS,Priv.,46009,VALÈNCIA,-0.376046,39.487921
1799,CENTRO PRIVADO FORMACIÓN PROFESIONAL ESPECÍFICA,CENTRE PRIVAT FP FUNDACIÓN TREFOR VALENCIA,Priv.,46018,VALÈNCIA,-0.401484,39.472047
1803,CENTRO PRIVADO DE EDUCACIÓN INFANTIL,CENTRE PRIV. ED. INFANTIL GUPPYDOS,Priv.,46005,VALÈNCIA,-0.368229,39.461687
1809,CENTRO PRIVADO DE EDUCACIÓN INFANTIL DE PRIMER CICLO,CENTRE PRIV. ED. INF. 1er CICLE BABOO,Priv.,46006,VALÈNCIA,-0.361597,39.458434
1810,ESCUELA INFANTIL DE PRIMER CICLO,EI 1er CICLE MUNICIPAL QUATRE CARRERES,Púb.,46013,VALÈNCIA,-0.365703,39.453393
1811,CENTRO PRIVADO DE EDUCACIÓN INFANTIL,CENTRE PRIV. ED. INFANTIL NUNO NONO,Priv.,46015,VALÈNCIA,-0.397798,39.485802
1812,ESCUELA INFANTIL DE PRIMER CICLO,EI 1er CICLE MUNICIPAL BENICALAP,Púb.,46025,VALÈNCIA,-0.38642,39.493245
1813,CENTRO PRIVADO DE EDUCACIÓN ESPECIAL,CEE PRIV. FUNDACIÓ MIRA'M,Priv. Conc.,46023,VALÈNCIA,-0.352592,39.469264
1814,ESCUELA INFANTIL DE PRIMER CICLO,EI 1er CICLE MUNICIPAL MINI-POLI,Púb.,46018,VALÈNCIA,-0.399907,39.467674
1820,ESCUELA INFANTIL DE PRIMER CICLO,EI 1er CICLE MUNICIPAL MESTRA EMPAR NAVARRO I GINER,Púb.,46013,VALÈNCIA,-0.35888,39.452549
1821,ESCUELA INFANTIL DE PRIMER CICLO,EI 1er CICLE MUNICIPAL SANT PAU,Púb.,46015,VALÈNCIA,-0.405443,39.48523
1822,CENTRO PRIVADO DE EDUCACIÓN INFANTIL DE PRIMER CICLO,CENTRE PRIV. ED. INF. 1er CICLE MI PEQUEÑO MUNDO,Priv.,46021,VALÈNCIA,-0.354352,39.472908
1826,ESCUELA PRIVADA DE MÚSICA,ESCOLA PRIVADA DE MÚSICA AULAMEDA,Priv.,46010,VALÈNCIA,-0.36464,39.474914
1827,CENTRO PRIVADO DE EDUCACIÓN INFANTIL DE PRIMER CICLO,CENTRE PRIV. ED. INF. 1er CICLE GOMETS,Priv.,46025,VALÈNCIA,-0.389899,39.491564
1830,CENTRO PRIVADO DE EDUCACIÓN INFANTIL DE PRIMER CICLO,CENTRE PRIV. ED. INF. 1er CICLE ITUITU,Priv.,46005,VALÈNCIA,-0.364541,39.46234
1836,ESCUELA INFANTIL DE PRIMER CICLO,EI 1er CICLE MUNICIPAL DIPUTADA CLARA CAMPOAMOR,Púb.,46015,VALÈNCIA,-0.3665,39.48974
1837,CENTRO PRIVADO DE EDUCACIÓN INFANTIL DE PRIMER CICLO,CENTRE PRIV. ED. INF. 1er CICLE L'EMBOLIC,Priv.,46025,VALÈNCIA,-0.393335,39.496807
1839,CENTRO PRIVADO FORMACIÓN PROFESIONAL ESPECÍFICA,CENTRE PRIVAT FP STUDIO,Priv.,46021,VALÈNCIA,-0.347017,39.478159
1840,CENTRO PRIVADO DE EDUCACIÓN INFANTIL DE PRIMER CICLO,CENTRE PRIV. ED. INF. 1er CICLE MARIPOSAS,Priv.,46026,VALÈNCIA,-0.373358,39.452946
1842,ESCUELA INFANTIL DE PRIMER CICLO,EI 1er CICLE MUNICIPAL ALGIRÓS,Púb.,46022,VALÈNCIA,-0.340415,39.468676
1850,CENTRO PRIVADO DE EDUCACIÓN INFANTIL DE PRIMER CICLO,CENTRE PRIV. ED. INF. 1er CICLE L'ESCOLETA DEL CARME,Priv.,46003,VALÈNCIA,-0.379055,39.478655
1855,CENTRO PRIVADO DE EDUCACIÓN INFANTIL DE PRIMER CICLO,CENTRE PRIV. ED. INF. 1er CICLE IMPULSO INICIAL,Priv.,46020,VALÈNCIA,-0.36109,39.483508
1858,CENTRO PRIVADO DE EDUCACIÓN INFANTIL DE PRIMER CICLO,CENTRE PRIV. ED. INF. 1er CICLE BAMBY-ABADE 2,Priv.,46010,VALÈNCIA,-0.359974,39.472601
1861,CENTRO PRIVADO DE EDUCACIÓN INFANTIL DE PRIMER CICLO,CENTRE PRIV. ED. INF. 1er CICLE LLAVORETES,Priv.,46021,VALÈNCIA,-0.354804,39.473026
1862,CENTRO PRIVADO DE EDUCACIÓN INFANTIL,CENTRE PRIV. ED. INFANTIL SUPERFRIENDS,Priv.,46021,VALÈNCIA,-0.354863,39.469985
1869,CENTRO AUTORIZADO DE ENSEÑANZAS DEPORTIVAS,CENTRE ENSENYAMENTS ESPORTIUS CENETED,Priv.,46009,VALÈNCIA,-0.384341,39.488987
1872,CENTRO PRIVADO DE EDUCACIÓN INFANTIL DE PRIMER CICLO,CENTRE PRIV. ED. INF. 1er CICLE BAMBINI 2,Priv.,46005,VALÈNCIA,-0.368336,39.460276
1874,CENTRO PRIVADO DE EDUCACIÓN INFANTIL DE PRIMER CICLO,CENTRE PRIV. ED. INF. 1er CICLE ETAPAS,Priv.,46023,VALÈNCIA,-0.343675,39.461205
1878,CENTRO PRIVADO FORMACIÓN PROFESIONAL ESPECÍFICA,CENTRE PRIVAT FP CLAUDIO GALENO,Priv.,46009,VALÈNCIA,-0.388094,39.48237
1883,CENTRO PRIVADO FORMACIÓN PROFESIONAL ESPECÍFICA,CENTRE PRIVAT FP VERGE DE CORTES. SOROLLA,Priv.,46007,VALÈNCIA,-0.383844,39.459766
1885,CENTRO PRIVADO FORMACIÓN PROFESIONAL ESPECÍFICA,CENTRE PRIVAT FP PROGRESA,Priv.,46007,VALÈNCIA,-0.383341,39.465893
1893,CENTRO AUTORIZADO SUPERIOR DE MÚSICA,CENTRE SUPERIOR DE MÚSICA BERKLEE-VALENCIA,Priv.,46013,VALÈNCIA,-0.35702,39.458526
1903,CENTRO PRIVADO DE EDUCACIÓN INFANTIL DE PRIMER CICLO,CENTRE PRIV. ED. INF. 1er CICLE EXPLORA,Priv.,46015,VALÈNCIA,-0.393485,39.490364
1908,CENTRO PRIVADO FORMACIÓN PROFESIONAL ESPECÍFICA,CENTRE PRIVAT FP IBE,Priv.,46020,VALÈNCIA,-0.357074,39.485934
1910,CENTRO PRIVADO DE EDUCACIÓN INFANTIL DE PRIMER CICLO,CENTRE PRIV. ED. INF. 1er CICLE AMICS,Priv.,46009,VALÈNCIA,-0.377041,39.483458
1915,CENTRO PRIVADO FORMACIÓN PROFESIONAL ESPECÍFICA,CENTRE PRIVAT FP EUROPEO DE VALENCIA,Priv.,46010,VALÈNCIA,-0.366445,39.478568
1920,CENTRO AUTORIZADO DE ENSEÑANZAS DEPORTIVAS,CENTRE ENSENYAMENTS ESPORTIUS MIFRA,Priv.,46013,VALÈNCIA,-0.370188,39.453559
1923,CENTRO PRIVADO FORMACIÓN PROFESIONAL ESPECÍFICA,CENTRE PRIVAT FP CENTRO DE ESTUDIOS JUSTE,Priv.,46020,VALÈNCIA,-0.361294,39.48753
1926,CENTRO PRIVADO FORMACIÓN PROFESIONAL ESPECÍFICA,CENTRE PRIVAT FP ANA SALMERÓN FORMACIÓN,Priv.,46007,VALÈNCIA,-0.382301,39.46941
1930,CENTRO PRIVADO DE EDUCACIÓN INFANTIL DE PRIMER CICLO,CENTRE PRIV. ED. INF. 1er CICLE PASITOS 2,Priv.,46007,VALÈNCIA,-0.38421,39.464758
1943,CENTRO PRIVADO DE EDUCACIÓN INFANTIL DE PRIMER CICLO,CENTRE PRIV. ED. INF. 1er CICLE CASA CARIDAD AVENIDA ECUADOR,Priv.,46025,VALÈNCIA,-0.390963,39.494305
1949,CENTRO AUTORIZADO DE ENSEÑANZAS DEPORTIVAS,CENTRE ENSENYAMENTS ESPORTIUS FVCV,Priv.,46020,VALÈNCIA,-0.357241,39.490049
1953,CENTRO PRIVADO DE EDUCACIÓN INFANTIL DE PRIMER CICLO,CENTRE PRIV. ED. INF. 1er CICLE FEBES,Priv.,46014,VALÈNCIA,-0.397276,39.459489
1964,CENTRO AUTORIZADO DE ENSEÑANZAS DEPORTIVAS,CENTRE ENSENYAMENTS ESPORTIUS MARNI,Priv.,46019,VALÈNCIA,-0.368493,39.496176
1973,CENTRO AUTORIZADO DE ENSEÑANZAS ARTÍSTICAS PROFESIONALES DE MÚSICA,CENTRE ENS. PROFESSIONALS DE MÚSICA EL PARQUE,Priv.,46021,VALÈNCIA,-0.354694,39.467077
1977,ESCUELA PRIVADA DE MÚSICA,ESCOLA PRIVADA DE MÚSICA SANTA MARÍA,Priv.,46014,VALÈNCIA,-0.406513,39.46634
1981,CENTRO AUTORIZADO DE ENSEÑANZAS DEPORTIVAS,CENTRE ENSENYAMENTS ESPORTIUS CENAFE,Priv.,46015,VALÈNCIA,-0.397782,39.48687
1984,CENTRO PRIVADO FORMACIÓN PROFESIONAL ESPECÍFICA,CENTRE PRIVAT FP MEDITERRÁNEO CULINARY CENTER,Priv.,46018,VALÈNCIA,-0.397431,39.468651
1987,CENTRO PRIVADO FORMACIÓN PROFESIONAL ESPECÍFICA,CENTRE PRIVAT FP FUNDACIÓN PASCUAL TOMÁS,Priv.,46022,VALÈNCIA,-0.33924,39.472583
1988,CENTRO AUTORIZADO DE ENSEÑANZAS DEPORTIVAS,CENTRE ENSENYAMENTS ESPORTIUS FASCV,Priv.,46020,VALÈNCIA,-0.356852,39.489909
1989,CENTRO AUTORIZADO DE ENSEÑANZAS DEPORTIVAS,CENTRE ENSENYAMENTS ESPORTIUS ELITE SPORT,Priv.,46005,VALÈNCIA,-0.363238,39.4651
1998,ESCUELA PRIVADA DE MÚSICA,ESCOLA PRIVADA DE MÚSICA ACORDES,Priv.,46019,VALÈNCIA,-0.363557,39.492916
2002,CENTRO DOCENTE PRIVADO EXTRANJERO,CENTRE ESTRANGER IMAGINE MONTESSORI SCHOOL,Priv.,46019,VALÈNCIA,-0.371416,39.496944
2009,CENTRO AUTORIZADO DE ENSEÑANZAS DEPORTIVAS,CENTRE ENSENYAMENTS ESPORTIUS ANEFF,Priv.,46018,VALÈNCIA,-0.391017,39.462341
2015,CENTRO AUTORIZADO DE ENSEÑANZAS ARTÍSTICAS PROFESIONALES DE MÚSICA,C. ENS. PROF.DE MUS. MADRE FCA. PASCUAL DOMENECH-LA PURÍSIMA,Priv.,46018,VALÈNCIA,-0.405285,39.464308
2021,ESCUELA PRIVADA DE MÚSICA,ESCOLA PRIVADA DE MÚSICA YAMAHA MUSIC SCHOOL,Priv.,46021,VALÈNCIA,-0.357914,39.468375
2024,ESCUELA PRIVADA DE MÚSICA,ESCOLA PRIVADA DE MÚSICA SIOAM,Priv.,46035,VALÈNCIA,-0.418741,39.500509
2026,CENTRO PÚBLICO DE FORMACIÓN DE PERSONAS ADULTAS,CENTRE PÚBLIC FPA VICENT VENTURA,Púb.,46014,VALÈNCIA,-0.408737,39.466635
2030,ESCUELA PRIVADA DE MÚSICA,ESCOLA PRIVADA DE MÚSICA CIM BANDA PARROQUIAL DE TORREFIEL,Priv.,46019,VALÈNCIA,-0.377957,39.49503
2033,CENTRO AUTORIZADO DE ENSEÑANZAS DEPORTIVAS,CENTRE ENSENYAMENTS ESPORTIUS GM FOOTBALL ACADEMY,Priv.,46005,VALÈNCIA,-0.362345,39.463648
2034,ESCUELA OFICIAL DE IDIOMAS,ESCOLA OFICIAL IDIOMES VALÈNCIA-BENICALAP,Púb.,46015,VALÈNCIA,-0.399775,39.495661
2039,ESCUELA PRIVADA DE MÚSICA,ESCOLA PRIVADA DE MÚSICA C. INSTRUCTIVO MUSICAL TENDETES,Priv.,46009,VALÈNCIA,-0.388493,39.483596
2043,ESCUELA PRIVADA DE MÚSICA,ESCOLA PRIVADA DE MÚSICA  ASOCIACIÓN MUSICAL LUÍS VIVES,Priv.,46007,VALÈNCIA,-0.384924,39.468163
2048,ESCUELA PRIVADA DE MÚSICA,ESCOLA PRIVADA DE MÚSICA MATILDE SALVADOR,Priv.,46008,VALÈNCIA,-0.383988,39.471377
2051,ESCUELA PRIVADA DE MÚSICA,ESCOLA PRIVADA DE MÚSICA GAYANO LLUCH,Priv.,46025,VALÈNCIA,-0.381105,39.492195
2052,CENTRO PRIVADO DE EDUCACIÓN INFANTIL DE PRIMER CICLO,CENTRE PRIV. ED. INF. 1er CICLE FEBES 2,Priv.,46014,VALÈNCIA,-0.39123,39.459835
2057,CENTRO PRIVADO DE EDUCACIÓN INFANTIL DE PRIMER CICLO,CENTRE PRIV. ED. INF. 1er CICLE LA PEQUETECA,Priv.,46021,VALÈNCIA,-0.353493,39.469426
2061,CENTRO PRIVADO DE EDUCACIÓN INFANTIL DE PRIMER CICLO,CENTRE PRIV. ED. INF. 1er CICLE ESPAI NATURAL,Priv.,46006,VALÈNCIA,-0.361562,39.457914
2065,CENTRO PRIVADO DE EDUCACIÓN INFANTIL DE PRIMER CICLO,CENTRE PRIV. ED. INF. 1er CICLE PIRATAS,Priv.,46015,VALÈNCIA,-0.388376,39.486644
2068,CENTRO DOCENTE PRIVADO EXTRANJERO,CENTRE ESTRANGER VALENCIA MONTESSORI SCHOOL,Priv.,46015,VALÈNCIA,-0.407052,39.478142
2070,ESCUELA PRIVADA DE MÚSICA,ESCOLA PRIVADA DE MÚSICA SANTA CECILIA DEL GRAU,Priv.,46024,VALÈNCIA,-0.338998,39.459451
2071,CENTRO PRIVADO FORMACIÓN PROFESIONAL ESPECÍFICA,CENTRE PRIVAT FP CF FOLGADO-PORT,Priv. Conc.,46024,VALÈNCIA,-0.33215,39.459798
2074,CENTRO AUTORIZADO DE ENSEÑANZAS DEPORTIVAS,CENTRE ENSENYAMENTS ESPORTIUS C.F. DE JUDO Y D.A.,Priv.,46020,VALÈNCIA,-0.354876,39.48094
2075,CENTRO PRIVADO FORMACIÓN PROFESIONAL ESPECÍFICA,CENTRE PRIVAT FP MEDAC VALÈNCIA,Priv.,46014,VALÈNCIA,-0.405382,39.458618
2080,CENTRO PRIVADO DE EDUCACIÓN INFANTIL DE PRIMER CICLO,CENTRE PRIV. ED. INF. 1er CICLE RUZAFA MONTESSORI,Priv.,46006,VALÈNCIA,-0.376108,39.459822
2084,CENTRO PRIVADO DE EDUCACIÓN INFANTIL DE PRIMER CICLO,CENTRE PRIV. ED. INF. 1er CICLE SENSATIDOS,Priv.,46022,VALÈNCIA,-0.345053,39.465222
2085,CENTRO PRIVADO FORMACIÓN PROFESIONAL ESPECÍFICA,CENTRE PRIVAT FP DE LA PROFESIÓN DE PANADERÍA Y PASTELERÍA,Priv. Conc.,46015,VALÈNCIA,-0.394538,39.486674
2086,ESCUELA PRIVADA DE MÚSICA,ESCOLA PRIVADA DE MÚSICA SEDAJAZZ,Priv.,46017,VALÈNCIA,-0.396456,39.436293
2093,CENTRO DOCENTE PRIVADO EXTRANJERO,CENTRE ESTRANGER LABA VALENCIA,Priv.,46001,VALÈNCIA,-0.381688,39.47613
2105,CENTRO PRIVADO DE EDUCACIÓN INFANTIL DE PRIMER CICLO,CENTRE PRIV. ED. INF. 1er CICLE MOUNTAIN PEAK MONTESSORI SC.,Priv.,46008,VALÈNCIA,-0.39348,39.474488
2106,CENTRO PRIVADO FORMACIÓN PROFESIONAL ESPECÍFICA,CENTRE PRIVAT FP PROGRESA II,Priv.,46007,VALÈNCIA,-0.382379,39.46315
2107,CENTRO AUTORIZADO DE ENSEÑANZAS DEPORTIVAS,CENTRE ENSENYAMENTS ESPORTIUS C.F. ESGRIMA DE LA CV,Priv.,46020,VALÈNCIA,-0.354681,39.480994
2108,CENTRO PRIVADO FORMACIÓN PROFESIONAL ESPECÍFICA,CENTRE PRIVAT FP VERGE DE CORTES. PATRAIX,Priv.,46007,VALÈNCIA,-0.385511,39.460238
2112,ESCUELA PRIVADA DE ARTES ESCÉNICAS,E. PRIV. D'ARTS ESC. CREAT FORM. Y CREA. EN ARTES CIRCENSES,Priv.,46025,VALÈNCIA,-0.391862,39.50096
2113,ESCUELA PRIVADA DE ARTES ESCÉNICAS,ESCOLA PRIVADA D'ARTS ESCÈNIQUES ELEDANCE ACADEMIA DE BAILE,Priv.,46035,VALÈNCIA,-0.420842,39.504882
2114,ESCUELA PRIVADA DE ARTES ESCÉNICAS,ESCOLA PRIVADA D'ARTS ESCEÈNIQUES SARGANTANA CIRC INCLUSIU,Priv.,46014,VALÈNCIA,-0.397234,39.460262
2115,ESCUELA PRIVADA DE ARTES ESCÉNICAS,"E. PR.D'ARTS ESCÈNIQUES TOT P. L'AIRE,ESP. D'ACROBACIA AÈRIA",Priv.,46024,VALÈNCIA,-0.338151,39.460657
2116,ESCUELA PRIVADA DE ARTES ESCÉNICAS,ESCOLA PRIVADA D'ARTS ESCÈNIQUES CIENCIA ESCÉNICA,Priv.,46035,VALÈNCIA,-0.420844,39.504885
